date,alpha_naive,alpha_norm,e_div
2021-06-16,,0.000000,
2021-06-17,,0.000000,
2021-06-18,,0.000000,
2021-06-19,,0.000000,
2021-06-20,,0.000000,
2021-06-21,,0.000000,
2021-06-22,,0.000000,
2021-06-23,,0.000000,
2021-06-24,,0.000000,
2021-06-25,,0.000000,
2021-06-26,,0.000000,
2021-06-27,,0.000000,
2021-06-28,,0.000000,
2021-06-29,,0.000000,
2021-06-30,,0.000000,
2021-07-01,,0.000000,
2021-07-02,,0.000000,
2021-07-03,,0.000000,
2021-07-04,,0.000000,
2021-07-05,,0.000000,
2021-07-06,,0.000000,
2021-07-07,,0.000000,
2021-07-08,,0.000000,
2021-07-09,,0.000000,
2021-07-10,,0.000000,
2021-07-11,,0.000000,
2021-07-12,,0.000000,
2021-07-13,,0.000000,
2021-07-14,,0.000000,
2021-07-15,0.000000,0.713614,0.050718
2021-07-16,0.000000,0.362691,0.264121
2021-07-17,0.000000,0.613309,1.493124
2021-07-18,0.000000,0.371803,-0.149992
2021-07-19,0.000000,0.602412,0.085356
2021-07-20,0.000000,0.753329,0.371513
2021-07-21,0.000000,1.181809,-0.912338
2021-07-22,0.090909,1.135416,-1.242279
2021-07-23,0.000000,0.948159,-1.364088
2021-07-24,0.000000,1.003963,-1.490059
2021-07-25,0.000000,0.719435,-1.189949
2021-07-26,0.000000,0.796852,-1.279693
2021-07-27,0.000000,0.832226,-0.288435
2021-07-28,0.000000,0.589697,0.510240
2021-07-29,0.000000,0.472614,0.027599
2021-07-30,0.000000,0.392913,-0.259791
2021-07-31,0.000000,0.460689,-0.262864
2021-08-01,0.000000,0.466821,-0.744346
2021-08-02,0.000000,0.632636,-1.214632
2021-08-03,0.000000,0.550258,-0.795800
2021-08-04,0.000000,0.687052,-0.688660
2021-08-05,0.000000,0.848077,-0.189487
2021-08-06,0.000000,1.194029,0.150230
2021-08-07,0.000000,1.026910,0.282574
2021-08-08,0.000000,1.053710,-0.135698
2021-08-09,0.000000,1.091290,0.128246
2021-08-10,0.090909,1.178660,0.084360
2021-08-11,0.000000,0.751142,0.165603
2021-08-12,0.000000,1.024925,0.177983
2021-08-13,0.083333,0.893765,0.023750
2021-08-14,0.000000,0.778290,0.055554
2021-08-15,0.000000,0.716987,0.984505
2021-08-16,0.000000,0.655270,0.391086
2021-08-17,0.000000,0.725773,0.214314
2021-08-18,0.000000,0.511562,0.387556
2021-08-19,0.000000,0.890197,1.123779
2021-08-20,0.000000,0.714061,-1.248671
2021-08-21,0.000000,0.824861,-0.124262
2021-08-22,0.000000,0.749775,-0.103443
2021-08-23,0.000000,0.505708,-0.592658
2021-08-24,0.000000,0.412272,-0.283831
2021-08-25,0.000000,0.334408,0.113678
2021-08-26,0.000000,0.604042,0.451976
2021-08-27,0.000000,0.737085,1.064994
2021-08-28,0.083333,1.077130,1.340171
2021-08-29,0.083333,1.124460,0.854705
2021-08-30,0.000000,0.872116,0.672124
2021-08-31,0.000000,0.993617,0.650158
2021-09-01,0.000000,1.031246,-1.080451
2021-09-02,0.083333,1.237001,-0.114078
2021-09-03,0.083333,1.337371,1.206684
2021-09-04,0.083333,1.215121,1.644444
2021-09-05,0.083333,1.537877,2.874199
2021-09-06,0.166667,1.536848,2.961750
2021-09-07,0.083333,1.152981,2.316976
2021-09-08,0.000000,0.790765,0.686457
2021-09-09,0.000000,0.731620,1.012175
2021-09-10,0.166667,1.485122,3.170283
2021-09-11,0.000000,1.137084,2.365087
2021-09-12,0.000000,0.928406,2.055013
2021-09-13,0.000000,0.808698,1.615024
2021-09-14,0.000000,0.842610,0.366937
2021-09-15,0.000000,0.935551,1.938521
2021-09-16,0.000000,0.836004,0.996438
2021-09-17,0.000000,0.962174,1.322261
2021-09-18,0.000000,0.684198,0.868052
2021-09-19,0.000000,0.683897,-0.710367
2021-09-20,0.416667,1.667879,2.866611
2021-09-21,0.416667,2.222628,2.894581
2021-09-22,0.250000,1.613697,1.739595
2021-09-23,0.166667,1.406525,-0.772271
2021-09-24,0.000000,1.157099,0.182471
2021-09-25,0.000000,0.973166,-0.485194
2021-09-26,0.083333,1.216344,-0.251940
2021-09-27,0.000000,1.017584,-0.052904
2021-09-28,0.000000,1.144034,-0.264939
2021-09-29,0.000000,1.026383,1.588329
2021-09-30,0.083333,1.214955,2.217576
2021-10-01,0.000000,1.210362,1.838301
2021-10-02,0.000000,0.979837,1.138702
2021-10-03,0.000000,0.586281,1.036767
2021-10-04,0.000000,0.707948,-0.098434
2021-10-05,0.000000,0.742653,1.600392
2021-10-06,0.083333,1.352459,2.576374
2021-10-07,0.000000,0.915460,-0.096629
2021-10-08,0.000000,0.728044,-0.209140
2021-10-09,0.000000,0.682049,-0.648987
2021-10-10,0.000000,0.617370,0.146917
2021-10-11,0.000000,0.755396,-0.036964
2021-10-12,0.000000,0.677274,-0.275388
2021-10-13,0.000000,0.872496,0.642486
2021-10-14,0.000000,0.881127,0.396056
2021-10-15,0.000000,0.897794,0.603550
2021-10-16,0.083333,1.328121,0.808406
2021-10-17,0.083333,1.248949,-0.645262
2021-10-18,0.000000,0.927360,0.189930
2021-10-19,0.000000,0.879210,-1.156124
2021-10-20,0.166667,1.497451,-2.701544
2021-10-21,0.083333,1.083902,-2.373082
2021-10-22,0.166667,1.352036,-2.319925
2021-10-23,0.333333,1.642537,-1.866226
2021-10-24,0.250000,1.522143,-2.144573
2021-10-25,0.166667,1.571009,-3.216816
2021-10-26,0.000000,1.024929,-1.281705
2021-10-27,0.000000,0.772837,-1.224097
2021-10-28,0.000000,0.900038,-1.794637
2021-10-29,0.000000,0.843151,-0.920174
2021-10-30,0.000000,1.045101,-2.296814
2021-10-31,0.000000,1.026662,-1.915151
2021-11-01,0.000000,1.068172,-2.083298
2021-11-02,0.000000,1.051644,-2.199955
2021-11-03,0.083333,1.137644,-2.429289
2021-11-04,0.083333,1.343024,-1.881065
2021-11-05,0.166667,1.210119,-1.483357
2021-11-06,0.000000,1.107703,-1.356293
2021-11-07,0.000000,0.970457,-1.302463
2021-11-08,0.000000,1.017059,-0.951576
2021-11-09,0.000000,0.993375,-1.512948
2021-11-10,0.000000,1.113456,-2.131405
2021-11-11,0.000000,0.889274,-2.138625
2021-11-12,0.000000,0.797292,-1.655525
2021-11-13,0.000000,0.543157,0.281653
2021-11-14,0.000000,0.698694,-0.887597
2021-11-15,0.000000,0.814817,0.062518
2021-11-16,0.000000,0.778464,-1.832762
2021-11-17,0.000000,0.874691,-1.458064
2021-11-18,0.000000,1.005203,-1.794696
2021-11-19,0.000000,0.743313,-0.889717
2021-11-20,0.000000,1.139750,-1.071147
2021-11-21,0.083333,1.130992,-2.066059
2021-11-22,0.166667,1.207163,-1.806026
2021-11-23,0.250000,1.642032,-3.922267
2021-11-24,0.166667,1.378089,-3.181007
2021-11-25,0.000000,0.779184,-1.797829
2021-11-26,0.000000,1.167468,-0.156097
2021-11-27,0.000000,1.028313,-0.136802
2021-11-28,0.000000,0.873033,-0.512476
2021-11-29,0.083333,1.359668,-1.886630
2021-11-30,0.000000,1.068176,-1.571346
2021-12-01,0.000000,0.732008,-0.764912
2021-12-02,0.000000,0.851705,-1.152333
2021-12-03,0.000000,0.878808,-1.550961
2021-12-04,0.000000,0.919698,-1.453612
2021-12-05,0.000000,0.869657,-0.869112
2021-12-06,0.083333,1.300499,-1.443471
2021-12-07,0.083333,1.029709,-0.809042
2021-12-08,0.000000,0.762129,-0.455292
2021-12-09,0.250000,1.435443,0.893737
2021-12-10,0.000000,1.029996,1.085958
2021-12-11,0.000000,0.931975,0.054032
2021-12-12,0.000000,0.763469,-0.095551
2021-12-13,0.000000,0.596996,-0.597276
2021-12-14,0.000000,0.549008,-0.638724
2021-12-15,0.000000,0.693863,-1.438204
2021-12-16,0.000000,0.752926,0.487944
2021-12-17,0.083333,1.295973,1.640779
2021-12-18,0.250000,1.447248,1.460311
2021-12-19,0.500000,1.932737,4.146079
2021-12-20,0.083333,1.259231,1.412941
2021-12-21,0.250000,1.466893,1.195682
2021-12-22,0.083333,1.288567,0.888147
2021-12-23,0.000000,1.080063,0.099165
2021-12-24,0.000000,1.112955,-0.312783
2021-12-25,0.000000,1.172072,-0.112722
2021-12-26,0.000000,0.751112,0.688361
2021-12-27,0.000000,0.809603,0.855632
2021-12-28,0.000000,0.782314,0.492437
2021-12-29,0.000000,0.851632,0.655476
2021-12-30,0.083333,1.534296,3.159732
2021-12-31,0.250000,1.499779,1.747889
2022-01-01,0.333333,1.645381,3.282099
2022-01-02,0.250000,1.699903,3.131655
2022-01-03,0.416667,2.436700,5.579297
2022-01-04,0.166667,1.252887,3.038485
2022-01-05,0.333333,1.888649,3.796054
2022-01-06,0.000000,0.978847,2.106475
2022-01-07,0.000000,1.175966,2.480776
2022-01-08,0.000000,1.303389,2.683092
2022-01-09,0.166667,1.626217,3.639768
2022-01-10,0.333333,1.792122,3.872653
2022-01-11,0.333333,1.778371,4.123095
2022-01-12,0.000000,0.723710,0.834781
2022-01-13,0.166667,1.637661,3.695770
2022-01-14,0.083333,1.453758,3.219409
2022-01-15,0.166667,1.501031,2.883012
2022-01-16,0.083333,1.179649,2.559283
2022-01-17,0.083333,1.239020,2.705761
2022-01-18,0.166667,1.635237,3.701466
2022-01-19,0.000000,1.090518,1.957494
2022-01-20,0.000000,0.910022,0.667155
2022-01-21,0.000000,0.705750,0.293076
2022-01-22,0.000000,0.484446,0.152351
2022-01-23,0.000000,0.679925,-0.224763
2022-01-24,0.000000,0.394591,-0.015828
2022-01-25,0.000000,0.516717,-0.313405
2022-01-26,0.000000,0.747047,-1.322626
2022-01-27,0.000000,0.679608,-1.058724
2022-01-28,0.083333,1.262598,-0.054889
2022-01-29,0.083333,1.167808,-1.671024
2022-01-30,0.083333,0.975943,-1.233390
2022-01-31,0.000000,0.685296,-0.919833
2022-02-01,0.000000,0.772961,-1.239754
2022-02-02,0.000000,1.077003,-1.483020
2022-02-03,0.083333,1.099621,-0.457536
2022-02-04,0.250000,1.537156,2.175013
2022-02-05,0.250000,1.466325,1.895353
2022-02-06,0.333333,1.433340,1.452948
2022-02-07,0.083333,1.239372,0.730291
2022-02-08,0.083333,0.918613,1.100310
2022-02-09,0.166667,1.215909,1.705955
2022-02-10,0.166667,1.315123,1.944592
2022-02-11,0.166667,1.060741,0.962111
2022-02-12,0.000000,0.909205,0.704843
2022-02-13,0.000000,0.746165,0.429093
2022-02-14,0.000000,0.968297,1.183194
2022-02-15,0.000000,1.052830,1.045600
2022-02-16,0.000000,0.693439,0.305472
2022-02-17,0.000000,0.725933,-0.366860
2022-02-18,0.000000,0.679785,-1.289163
2022-02-19,0.000000,0.684954,-1.081380
2022-02-20,0.000000,0.528275,-0.363595
2022-02-21,0.000000,0.540938,-0.644270
2022-02-22,0.000000,0.588395,-0.705592
2022-02-23,0.000000,1.014195,-2.039874
2022-02-24,0.000000,0.811581,-1.473882
2022-02-25,0.000000,0.620748,-0.173387
2022-02-26,0.166667,1.461497,2.685077
2022-02-27,0.000000,0.638316,-0.652203
2022-02-28,0.000000,0.560780,0.071978
2022-03-01,0.083333,0.893758,1.715787
2022-03-02,0.083333,0.961922,1.906892
2022-03-03,0.000000,0.886433,1.694584
2022-03-04,0.000000,1.014307,0.559460
2022-03-05,0.250000,1.508104,2.607518
2022-03-06,0.083333,0.968227,1.543660
2022-03-07,0.000000,0.739756,0.371610
2022-03-08,0.000000,0.656921,0.204676
2022-03-09,0.166667,1.769858,-0.458003
2022-03-10,0.083333,1.529132,-0.761121
2022-03-11,0.166667,1.621534,1.284052
2022-03-12,0.166667,1.515409,-0.558605
2022-03-13,0.333333,1.728107,0.400549
2022-03-14,0.166667,1.964711,-1.626170
2022-03-15,0.083333,1.421845,-1.322867
2022-03-16,0.000000,1.253245,-1.292314
2022-03-17,0.083333,1.426855,-1.448255
2022-03-18,0.083333,1.359248,-1.454133
2022-03-19,0.083333,1.260626,-1.609191
2022-03-20,0.166667,1.468432,1.938544
2022-03-21,0.250000,1.342947,1.366289
2022-03-22,0.083333,1.244500,-1.841706
2022-03-23,0.083333,1.284237,-1.777986
2022-03-24,0.000000,1.158110,-1.838817
2022-03-25,0.000000,1.142980,-1.503577
2022-03-26,0.083333,1.268540,-1.741267
2022-03-27,0.000000,0.825457,-1.081292
2022-03-28,0.000000,0.852082,-0.991450
2022-03-29,0.000000,0.918691,-0.676430
2022-03-30,0.000000,0.889741,-1.257968
2022-03-31,0.000000,0.550676,-0.325311
2022-04-01,0.000000,0.653031,0.059764
2022-04-02,0.000000,0.742049,0.342676
2022-04-03,0.083333,1.071615,-0.003424
2022-04-04,0.000000,0.638891,0.024517
2022-04-05,0.000000,0.412248,0.200102
2022-04-06,0.000000,0.777232,-0.189312
2022-04-07,0.000000,0.829703,-0.517904
2022-04-08,0.000000,0.678234,-1.222328
2022-04-09,0.000000,0.621760,0.554327
2022-04-10,0.000000,0.469454,0.333294
2022-04-11,0.000000,0.534725,0.007023
2022-04-12,0.000000,0.536697,-0.496993
2022-04-13,0.083333,0.708557,-0.514043
2022-04-14,0.000000,0.808124,-1.192764
2022-04-15,0.000000,0.812379,-1.668131
2022-04-16,0.083333,1.094970,-2.200588
2022-04-17,0.083333,1.196924,-1.952971
2022-04-18,0.083333,1.328040,-2.512306
2022-04-19,0.083333,1.181424,-1.376788
2022-04-20,0.083333,1.044383,-2.102562
2022-04-21,0.083333,1.239465,-1.256990
2022-04-22,0.000000,0.905776,0.455280
2022-04-23,0.000000,1.078781,0.256757
2022-04-24,0.083333,1.300021,0.438389
2022-04-25,0.083333,0.897753,-0.922610
2022-04-26,0.000000,0.790358,-1.658028
2022-04-27,0.083333,1.219681,-1.333147
2022-04-28,0.000000,0.940057,-0.983580
2022-04-29,0.000000,0.772664,-0.300924
2022-04-30,0.000000,0.960250,-1.479028
2022-05-01,0.000000,0.829531,-0.788414
2022-05-02,0.000000,0.971559,-2.168219
2022-05-03,0.000000,0.806672,-1.949070
2022-05-04,0.000000,0.724734,-1.462931
2022-05-05,0.000000,0.921135,-1.519783
2022-05-06,0.000000,0.887251,-1.517711
2022-05-07,0.000000,0.732495,-1.275381
2022-05-08,0.000000,0.641313,-0.812004
2022-05-09,0.000000,0.964523,-0.711239
2022-05-10,0.166667,1.404515,-0.347026
2022-05-11,0.000000,0.797184,0.037208
2022-05-12,0.083333,1.161198,-1.250485
2022-05-13,0.000000,0.830603,-1.131148
2022-05-14,0.000000,0.668382,-0.747945
2022-05-15,0.000000,0.608063,-0.698205
2022-05-16,0.000000,0.605608,-1.119721
2022-05-17,0.000000,0.684281,-1.226864
2022-05-18,0.000000,0.632511,-0.054653
2022-05-19,0.000000,0.424260,-0.411385
2022-05-20,0.000000,0.459681,-0.284996
2022-05-21,0.000000,0.715203,-0.580947
2022-05-22,0.000000,0.690939,0.304326
2022-05-23,0.000000,0.793201,0.138686
2022-05-24,0.000000,0.705256,0.150550
2022-05-25,0.000000,0.642289,-0.535510
2022-05-26,0.000000,0.573671,-0.252194
2022-05-27,0.000000,0.692037,0.895313
2022-05-28,0.000000,0.516392,-0.308888
2022-05-29,0.000000,0.874051,0.901150
2022-05-30,0.000000,0.797816,0.482630
2022-05-31,0.000000,0.918602,0.487529
2022-06-01,0.000000,0.708308,0.102106
2022-06-02,0.000000,0.507438,-0.304601
2022-06-03,0.000000,0.574860,0.080811
2022-06-04,0.000000,0.791565,-1.680017
2022-06-05,0.083333,1.119104,-0.569092
2022-06-06,0.000000,0.990343,-1.191393
2022-06-07,0.000000,0.773930,-0.985093
2022-06-08,0.000000,0.997422,1.041045
2022-06-09,0.000000,0.527747,0.054531
2022-06-10,0.000000,0.761445,-1.538453
2022-06-11,0.000000,0.805680,-1.439126
2022-06-12,0.000000,0.646204,-0.512545
2022-06-13,0.083333,1.191861,-0.318476
2022-06-14,0.000000,1.021121,0.677344
2022-06-15,0.083333,1.157875,-0.870756
2022-06-16,0.000000,0.725788,0.192947
2022-06-17,0.000000,0.866154,-1.727025
2022-06-18,0.083333,1.001183,0.714107
2022-06-19,0.083333,0.933633,0.252658
2022-06-20,0.000000,0.805858,0.130678
2022-06-21,0.166667,1.175613,1.108248
2022-06-22,0.166667,1.311660,1.720033
2022-06-23,0.333333,1.947814,2.067454
2022-06-24,0.250000,1.520487,2.071052
2022-06-25,0.250000,1.515658,1.941249
2022-06-26,0.083333,1.159110,1.515876
2022-06-27,0.166667,1.247792,1.707770
2022-06-28,0.083333,1.006905,1.016567
2022-06-29,0.083333,0.988455,0.976772
2022-06-30,0.000000,0.740778,-1.472845
2022-07-01,0.000000,0.735487,-1.717183
2022-07-02,0.166667,1.375325,1.941694
2022-07-03,0.250000,1.368351,2.613426
2022-07-04,0.166667,1.420522,2.634154
2022-07-05,0.166667,1.330665,2.424486
2022-07-06,0.250000,1.621921,2.052310
2022-07-07,0.333333,1.738685,1.947358
2022-07-08,0.166667,1.335608,1.929769
2022-07-09,0.083333,1.340553,2.234316
2022-07-10,0.083333,1.316750,2.153659
2022-07-11,0.083333,1.631725,2.187404
2022-07-12,0.083333,1.311451,1.472939
2022-07-13,0.083333,1.399454,2.608557
2022-07-14,0.166667,1.510135,3.144527
2022-07-15,0.083333,1.189380,-0.030295
2022-07-16,0.000000,0.779816,-0.412547
2022-07-17,0.083333,1.178424,1.735625
2022-07-18,0.333333,1.554635,3.018283
2022-07-19,0.250000,1.393160,1.488464
2022-07-20,0.250000,1.426867,1.519044
2022-07-21,0.166667,1.470330,3.059604
2022-07-22,0.000000,0.789533,0.170869
2022-07-23,0.000000,0.983985,-0.376028
2022-07-24,0.000000,0.781424,-0.260205
2022-07-25,0.000000,0.921148,0.038513
2022-07-26,0.000000,0.908354,0.216610
2022-07-27,0.083333,1.102405,1.287773
2022-07-28,0.000000,0.640894,0.869479
2022-07-29,0.000000,0.474270,0.601339
2022-07-30,0.166667,1.142887,0.253776
2022-07-31,0.166667,1.452445,-1.299658
2022-08-01,0.083333,1.176119,-0.473230
2022-08-02,0.000000,1.076160,-1.538424
2022-08-03,0.250000,1.532718,-2.382743
2022-08-04,0.166667,1.164194,-1.525284
2022-08-05,0.000000,0.831546,-1.239240
2022-08-06,0.166667,1.249593,-1.586767
2022-08-07,0.000000,1.238292,-0.045574
2022-08-08,0.083333,1.324232,-1.074899
2022-08-09,0.083333,1.183106,-1.051078
2022-08-10,0.083333,1.113768,-1.918137
2022-08-11,0.333333,1.581601,-2.577464
2022-08-12,0.166667,1.556351,-0.497940
2022-08-13,0.500000,2.057492,-0.496705
2022-08-14,0.083333,1.207924,-1.586094
2022-08-15,0.083333,1.069816,-1.657230
2022-08-16,0.083333,1.279456,0.664009
2022-08-17,0.083333,1.036472,0.669714
2022-08-18,0.000000,0.860244,-0.289595
2022-08-19,0.083333,1.105628,-1.295422
2022-08-20,0.000000,1.172451,-1.278049
2022-08-21,0.000000,1.065085,-2.432118
2022-08-22,0.000000,0.986533,-1.916002
2022-08-23,0.000000,1.256131,-1.756378
2022-08-24,0.000000,0.914379,0.602293
2022-08-25,0.000000,1.053364,-0.659741
2022-08-26,0.000000,1.185109,-0.324284
2022-08-27,0.000000,1.093936,0.959503
2022-08-28,0.083333,1.409932,3.179275
2022-08-29,0.000000,1.055246,1.350311
2022-08-30,0.000000,0.514182,-0.057133
2022-08-31,0.000000,0.576579,-0.811126
2022-09-01,0.000000,0.873871,-1.751304
2022-09-02,0.000000,0.731592,-1.397530
2022-09-03,0.000000,0.610098,-1.306832
2022-09-04,0.000000,0.654476,0.260912
2022-09-05,0.000000,0.704954,0.264376
2022-09-06,0.000000,0.677927,0.454905
2022-09-07,0.000000,0.556288,-0.795900
2022-09-08,0.083333,1.221113,1.214891
2022-09-09,0.000000,0.902415,1.770068
2022-09-10,0.000000,1.092758,-0.552211
2022-09-11,0.000000,0.971725,-1.819874
2022-09-12,0.000000,0.486993,-0.009098
2022-09-13,0.000000,0.642984,0.918550
2022-09-14,0.000000,0.715668,0.218499
2022-09-15,0.000000,0.752539,-0.059996
2022-09-16,0.000000,0.851595,-0.840786
2022-09-17,0.000000,0.833905,-1.231857
2022-09-18,0.166667,1.039147,1.364100
2022-09-19,0.083333,0.859171,1.107283
2022-09-20,0.000000,0.653236,0.356972
2022-09-21,0.000000,0.971266,0.221583
2022-09-22,0.000000,0.610232,0.551820
2022-09-23,0.000000,0.951307,0.874346
2022-09-24,0.000000,0.860943,1.752826
2022-09-25,0.000000,0.922922,0.362194
2022-09-26,0.083333,0.936147,-0.058773
2022-09-27,0.000000,0.860695,0.170588
2022-09-28,0.000000,0.973406,1.042366
2022-09-29,0.083333,0.998530,0.353771
2022-09-30,0.083333,1.120113,1.801399
2022-10-01,0.083333,1.458189,1.023855
2022-10-02,0.083333,1.369397,1.165957
2022-10-03,0.166667,1.474999,1.534202
2022-10-04,0.000000,0.996196,0.383135
2022-10-05,0.166667,1.269994,0.345090
2022-10-06,0.166667,1.491171,0.360853
2022-10-07,0.250000,1.804906,0.235218
2022-10-08,0.166667,1.642237,0.194232
2022-10-09,0.166667,1.300677,1.177553
2022-10-10,0.083333,1.179250,0.954755
2022-10-11,0.000000,1.223016,0.899226
2022-10-12,0.000000,1.066759,0.896184
2022-10-13,0.000000,1.038692,-0.263944
2022-10-14,0.000000,1.098575,-1.087709
2022-10-15,0.000000,1.134170,-1.750765
2022-10-16,0.000000,1.191128,-1.162897
2022-10-17,0.000000,1.174158,-0.950311
2022-10-18,0.000000,1.134231,-0.802972
2022-10-19,0.000000,1.106813,-0.662757
2022-10-20,0.000000,1.181496,-0.359057
2022-10-21,0.000000,0.923040,-0.942488
2022-10-22,0.000000,0.866375,-0.695116
2022-10-23,0.000000,0.696061,0.033937
2022-10-24,0.000000,1.085664,-0.906874
2022-10-25,0.000000,1.010073,-0.427447
2022-10-26,0.000000,0.533415,0.317014
2022-10-27,0.000000,0.693650,0.481509
2022-10-28,0.000000,0.898267,1.632446
2022-10-29,0.000000,0.650669,1.218750
2022-10-30,0.000000,0.668159,1.362251
2022-10-31,0.000000,0.750701,0.026485
2022-11-01,0.250000,1.292549,2.283843
2022-11-02,0.000000,1.018664,1.616111
2022-11-03,0.000000,0.604918,0.611394
2022-11-04,0.000000,0.461989,0.473702
2022-11-05,0.000000,0.554859,0.528297
2022-11-06,0.000000,0.724462,0.924655
2022-11-07,0.000000,0.983641,0.293601
2022-11-08,0.000000,0.890678,-0.885447
2022-11-09,0.000000,0.542684,0.720302
2022-11-10,0.000000,0.945186,-1.363124
2022-11-11,0.000000,0.884897,-1.129902
2022-11-12,0.000000,0.837254,-0.653962
2022-11-13,0.000000,0.830739,-0.405942
2022-11-14,0.000000,1.209168,0.141616
2022-11-15,0.083333,1.252609,0.136825
2022-11-16,0.083333,1.073793,0.905279
2022-11-17,0.250000,1.627116,3.182815
2022-11-18,0.250000,1.570051,2.973467
2022-11-19,0.083333,1.129451,1.749783
2022-11-20,0.083333,1.227277,1.991639
2022-11-21,0.083333,1.303512,2.147379
2022-11-22,0.083333,1.285120,2.242529
2022-11-23,0.083333,1.254456,2.207829
2022-11-24,0.000000,0.831332,0.963228
2022-11-25,0.083333,1.202349,1.685613
2022-11-26,0.083333,1.400903,1.882998
2022-11-27,0.083333,1.199727,-0.420835
2022-11-28,0.000000,1.027068,-0.506396
2022-11-29,0.000000,0.893611,-0.707030
2022-11-30,0.000000,0.787760,-0.871857
2022-12-01,0.000000,0.876239,-1.601588
2022-12-02,0.000000,0.838208,-0.880121
2022-12-03,0.083333,1.058521,-2.185170
2022-12-04,0.583333,2.100236,-0.278607
2022-12-05,0.416667,1.803958,-0.243556
2022-12-06,0.666667,2.304186,0.431289
2022-12-07,0.166667,1.302069,-1.271488
2022-12-08,0.083333,1.228452,-1.425699
2022-12-09,0.000000,0.447094,0.283915
2022-12-10,0.250000,1.303266,-2.525183
2022-12-11,0.166667,1.237109,-2.098505
2022-12-12,0.000000,1.004011,-1.206907
2022-12-13,0.000000,0.638159,-0.332628
2022-12-14,0.000000,0.848459,-0.513425
2022-12-15,0.000000,0.490345,-0.466576
2022-12-16,0.000000,0.629266,-0.931615
2022-12-17,0.000000,1.017917,-2.030724
2022-12-18,0.000000,0.855992,-1.263177
2022-12-19,0.083333,1.159259,-1.623836
2022-12-20,0.250000,1.407475,-2.543730
2022-12-21,0.083333,1.077978,0.697696
2022-12-22,0.000000,0.635366,0.140007
2022-12-23,0.000000,0.480230,-0.209066
2022-12-24,0.000000,0.521484,0.007125
2022-12-25,0.000000,0.591480,-0.236461
2022-12-26,0.000000,0.638790,-0.482498
2022-12-27,0.000000,0.562262,-0.043253
2022-12-28,0.000000,1.035283,1.423718
2022-12-29,0.000000,0.671427,-0.293736
2022-12-30,0.000000,0.681248,-1.327839
2022-12-31,0.000000,0.615199,-1.391991
2023-01-01,0.000000,0.496246,0.310830
2023-01-02,0.000000,0.512965,0.564040
2023-01-03,0.000000,0.478848,-0.503577
2023-01-04,0.083333,1.310773,-0.031579
2023-01-05,0.083333,1.147501,0.770801
2023-01-06,0.000000,0.982600,-0.120752
2023-01-07,0.083333,1.089376,0.075979
2023-01-08,0.083333,1.238493,-0.982551
2023-01-09,0.333333,1.645915,0.229760
2023-01-10,0.166667,1.409728,0.909707
2023-01-11,0.000000,0.651663,0.793274
2023-01-12,0.000000,0.752257,0.232722
2023-01-13,0.000000,0.482524,0.000815
2023-01-14,0.000000,0.318203,0.131214
2023-01-15,0.000000,0.220724,0.113978
2023-01-16,0.000000,0.276906,0.153997
2023-01-17,0.000000,0.364300,0.416021
2023-01-18,0.000000,0.832587,1.439431
2023-01-19,0.000000,0.706075,-0.349207
2023-01-20,0.000000,0.489113,-0.906117
2023-01-21,0.000000,0.857438,-1.111149
2023-01-22,0.000000,0.712349,-0.659882
2023-01-23,0.000000,0.327563,-0.313525
2023-01-24,0.000000,0.529275,-0.727981
2023-01-25,0.000000,0.588593,0.019777
2023-01-26,0.000000,0.458033,0.439858
2023-01-27,0.000000,0.439874,-0.508546
2023-01-28,0.000000,0.590772,-0.089649
2023-01-29,0.083333,1.025287,1.679016
2023-01-30,0.083333,1.074749,2.047624
2023-01-31,0.083333,1.189142,1.899689
2023-02-01,0.083333,0.851937,-0.803735
2023-02-02,0.000000,1.210520,0.394157
2023-02-03,0.166667,1.305503,0.582148
2023-02-04,0.166667,1.363887,-0.130550
2023-02-05,0.083333,1.387291,-0.425658
2023-02-06,0.000000,0.814367,0.562900
2023-02-07,0.083333,1.112086,-0.476725
2023-02-08,0.083333,1.109696,1.866727
2023-02-09,0.083333,1.320558,0.118243
2023-02-10,0.000000,1.092028,0.157735
2023-02-11,0.166667,1.495158,-1.163427
2023-02-12,0.416667,1.966180,-3.149339
2023-02-13,0.250000,1.590401,-3.160269
2023-02-14,0.416667,1.986403,-2.961610
2023-02-15,0.250000,1.704697,-2.694904
2023-02-16,0.333333,1.786712,-1.609956
2023-02-17,0.000000,0.993871,-1.330776
2023-02-18,0.083333,1.126563,-1.330676
2023-02-19,0.250000,1.690854,-1.659502
2023-02-20,0.250000,1.683228,-1.653994
2023-02-21,0.250000,1.375508,-2.897392
2023-02-22,0.250000,1.532645,-2.826514
2023-02-23,0.250000,1.289105,-2.329204
2023-02-24,0.166667,1.655182,-1.318914
2023-02-25,0.166667,1.338948,-2.524366
2023-02-26,0.166667,1.419442,-2.345180
2023-02-27,0.000000,1.205537,-1.663907
2023-02-28,0.250000,1.323919,-2.117628
2023-03-01,0.000000,0.979307,-0.783248
2023-03-02,0.000000,0.987790,0.364761
2023-03-03,0.000000,0.855487,-1.605451
2023-03-04,0.000000,0.908527,-1.098221
2023-03-05,0.000000,0.879543,-1.599119
2023-03-06,0.000000,1.024137,-1.414787
2023-03-07,0.000000,0.826982,-1.475399
2023-03-08,0.000000,1.040072,-2.098862
2023-03-09,0.000000,0.577818,-1.290290
2023-03-10,0.000000,0.933911,-1.262898
2023-03-11,0.000000,0.794917,-1.362044
2023-03-12,0.000000,0.737828,-0.572997
2023-03-13,0.166667,1.185171,0.250289
2023-03-14,0.000000,0.738948,0.173157
2023-03-15,0.000000,0.544931,-0.146101
2023-03-16,0.000000,0.938693,-1.245954
2023-03-17,0.083333,1.055794,-0.291183
2023-03-18,0.083333,1.408973,0.109880
2023-03-19,0.083333,1.472649,0.110940
2023-03-20,0.083333,1.421744,0.392456
2023-03-21,0.000000,0.950300,-0.122400
2023-03-22,0.083333,1.161766,-0.782042
2023-03-23,0.083333,0.914364,-0.252584
2023-03-24,0.000000,1.045387,0.024308
2023-03-25,0.000000,0.941602,-0.439353
2023-03-26,0.000000,0.927832,0.007335
2023-03-27,0.083333,1.429549,2.746426
2023-03-28,0.083333,1.248388,2.474634
2023-03-29,0.083333,1.093251,2.206066
2023-03-30,0.166667,1.438944,2.557471
2023-03-31,0.000000,1.245855,2.209584
2023-04-01,0.000000,0.807788,0.420484
2023-04-02,0.000000,1.053129,0.777817
2023-04-03,0.000000,0.810070,0.935559
2023-04-04,0.000000,0.963060,-0.167891
2023-04-05,0.000000,0.995248,0.044671
2023-04-06,0.166667,1.330248,-0.629307
2023-04-07,0.000000,1.046452,0.263223
2023-04-08,0.000000,1.115410,-1.156672
2023-04-09,0.000000,0.867212,-1.026005
2023-04-10,0.000000,0.908229,-0.969105
2023-04-11,0.083333,1.177831,2.556043
2023-04-12,0.000000,0.728522,0.022867
2023-04-13,0.000000,0.673935,1.398098
2023-04-14,0.000000,0.756661,-0.832099
2023-04-15,0.000000,0.604536,0.695548
2023-04-16,0.250000,1.653846,2.341312
2023-04-17,0.000000,1.095744,1.255023
2023-04-18,0.000000,1.067079,1.270214
2023-04-19,0.000000,0.922443,1.073911
2023-04-20,0.000000,0.997895,0.278147
2023-04-21,0.000000,0.790428,0.124592
2023-04-22,0.333333,1.846581,2.417813
2023-04-23,0.000000,0.867367,0.322721
2023-04-24,0.000000,0.879354,0.363401
2023-04-25,0.083333,0.959812,-0.184640
2023-04-26,0.000000,1.028453,0.045315
2023-04-27,0.000000,1.120263,-1.479421
2023-04-28,0.000000,0.959150,-2.007344
2023-04-29,0.000000,1.040488,-1.001790
2023-04-30,0.000000,1.011091,-2.071547
2023-05-01,0.083333,1.015738,-1.436976
2023-05-02,0.000000,0.725030,-1.580609
2023-05-03,0.000000,0.680720,-0.839515
2023-05-04,0.000000,0.864047,-0.909793
2023-05-05,0.000000,1.190981,-2.402714
2023-05-06,0.083333,1.406866,-2.805486
2023-05-07,0.083333,1.341806,-2.817136
2023-05-08,0.000000,1.200073,-2.514950
2023-05-09,0.000000,1.120008,-2.383387
2023-05-10,0.000000,0.795892,-1.179524
2023-05-11,0.000000,0.513692,0.512662
2023-05-12,0.000000,0.728945,-0.949454
2023-05-13,0.000000,0.361123,-0.014226
2023-05-14,0.000000,0.543544,-0.808088
2023-05-15,0.000000,0.372145,-0.355980
2023-05-16,0.000000,0.489287,-0.311391
2023-05-17,0.000000,0.576638,-1.115370
2023-05-18,0.000000,0.548556,-0.635369
2023-05-19,0.083333,0.969882,-0.859171
2023-05-20,0.000000,0.455640,0.005026
2023-05-21,0.000000,0.707761,-0.671686
2023-05-22,0.000000,0.533319,-0.318446
2023-05-23,0.000000,0.599158,0.124322
2023-05-24,0.000000,0.752325,-0.988447
2023-05-25,0.000000,0.534656,-0.948364
2023-05-26,0.000000,0.635564,-0.519988
2023-05-27,0.000000,0.668235,-1.332510
2023-05-28,0.000000,0.544251,-1.179240
2023-05-29,0.000000,0.673371,-1.322164
2023-05-30,0.000000,0.642048,0.136166
2023-05-31,0.000000,0.971137,0.365419
2023-06-01,0.000000,1.076669,-1.755187
2023-06-02,0.000000,0.719689,-1.602886
2023-06-03,0.000000,0.967126,-0.570277
2023-06-04,0.166667,1.311340,1.599683
2023-06-05,0.166667,1.275159,2.316889
2023-06-06,0.083333,1.106514,2.004783
2023-06-07,0.000000,0.872137,1.665866
2023-06-08,0.000000,0.851080,1.360005
2023-06-09,0.000000,0.805940,0.168876
2023-06-10,0.000000,1.138646,0.830064
2023-06-11,0.000000,0.511786,-0.161393
2023-06-12,0.000000,0.495808,-0.846813
2023-06-13,0.000000,0.588923,-0.524187
2023-06-14,0.000000,0.786818,0.699002
2023-06-15,0.083333,0.913936,-0.365047
2023-06-16,0.250000,1.602271,-0.690489
2023-06-17,0.083333,1.312712,-2.386662
2023-06-18,0.083333,1.095997,-2.270563
2023-06-19,0.083333,1.028561,-2.032516
2023-06-20,0.000000,1.135427,-2.513666
2023-06-21,0.250000,1.408924,-2.880989
2023-06-22,0.250000,1.677388,-3.896551
2023-06-23,0.000000,1.175878,-1.132074
2023-06-24,0.000000,0.898226,-0.311112
2023-06-25,0.083333,1.222967,-1.963112
2023-06-26,0.000000,1.368255,-0.444025
2023-06-27,0.166667,1.439606,-2.158022
2023-06-28,0.083333,1.532291,0.155514
2023-06-29,0.000000,1.048584,-1.378477
2023-06-30,0.000000,1.118510,-1.865759
2023-07-01,0.000000,0.623090,0.087658
2023-07-02,0.000000,0.818874,-1.734489
2023-07-03,0.083333,1.084445,-1.972263
2023-07-04,0.000000,1.045652,-2.102718
2023-07-05,0.083333,1.128404,-1.975467
2023-07-06,0.000000,0.740416,-0.664993
2023-07-07,0.000000,0.809766,0.077648
2023-07-08,0.083333,1.040349,-0.495386
2023-07-09,0.000000,0.718605,0.178843
2023-07-10,0.250000,1.557595,1.172315
2023-07-11,0.083333,1.274132,0.980130
2023-07-12,0.000000,0.915085,-0.975695
2023-07-13,0.083333,1.333962,0.160695
2023-07-14,0.000000,1.007695,-0.493803
2023-07-15,0.000000,0.727446,-0.129141
2023-07-16,0.000000,0.858766,0.624404
2023-07-17,0.000000,0.827243,0.332695
2023-07-18,0.000000,0.867048,0.681698
2023-07-19,0.000000,0.855852,1.163539
2023-07-20,0.000000,0.759892,-1.177618
2023-07-21,0.000000,0.814973,-0.533431
2023-07-22,0.000000,0.850370,-0.298103
2023-07-23,0.000000,0.813244,-1.325143
2023-07-24,0.000000,0.677968,-0.080483
2023-07-25,0.000000,0.753147,-0.810113
2023-07-26,0.000000,0.911377,0.000383
2023-07-27,0.000000,0.837319,-1.073142
2023-07-28,0.250000,1.864054,2.261478
2023-07-29,0.166667,1.290581,2.003435
2023-07-30,0.083333,1.093223,1.606780
2023-07-31,0.083333,0.809600,1.049550
2023-08-01,0.250000,1.503749,2.346409
2023-08-02,0.000000,1.008453,-1.098007
2023-08-03,0.000000,0.398447,-0.127438
2023-08-04,0.000000,0.657760,0.493207
2023-08-05,0.000000,0.452832,-0.710302
2023-08-06,0.000000,0.551781,0.096502
2023-08-07,0.000000,0.662628,-1.200958
2023-08-08,0.000000,0.723993,0.370106
2023-08-09,0.000000,0.751304,0.037651
2023-08-10,0.000000,0.830289,0.899837
2023-08-11,0.083333,1.239881,1.659960
2023-08-12,0.000000,0.645416,0.230919
2023-08-13,0.083333,1.073390,-0.323362
2023-08-14,0.000000,0.767246,-0.569757
2023-08-15,0.083333,1.198410,-1.492505
2023-08-16,0.000000,0.791756,-0.344685
2023-08-17,0.000000,1.076055,-0.596412
2023-08-18,0.000000,0.755947,-1.104305
2023-08-19,0.000000,0.404711,-0.319146
2023-08-20,0.000000,0.558237,-1.062159
2023-08-21,0.000000,0.798124,-0.525632
2023-08-22,0.000000,0.822231,-0.739504
2023-08-23,0.000000,1.056895,-0.673788
2023-08-24,0.000000,0.985293,0.166602
2023-08-25,0.083333,1.182535,0.869115
2023-08-26,0.000000,0.878759,0.981029
2023-08-27,0.000000,0.551015,0.644665
2023-08-28,0.000000,0.667760,0.153324
2023-08-29,0.000000,1.127840,-0.745091
2023-08-30,0.083333,1.268280,-0.990458
2023-08-31,0.000000,0.837112,-0.423478
2023-09-01,0.166667,1.272601,0.674293
2023-09-02,0.083333,1.256099,0.759454
2023-09-03,0.083333,1.258112,-1.117252
2023-09-04,0.000000,0.606403,0.135024
2023-09-05,0.000000,1.070333,-0.882143
2023-09-06,0.000000,0.969211,-0.456938
2023-09-07,0.000000,1.222979,0.375272
2023-09-08,0.000000,1.116883,-0.102263
2023-09-09,0.000000,1.053350,-0.283774
2023-09-10,0.000000,0.931841,-0.216418
2023-09-11,0.166667,1.279542,0.265947
2023-09-12,0.000000,0.969720,-0.355458
2023-09-13,0.083333,1.209429,-0.605015
2023-09-14,0.000000,0.867803,0.362696
2023-09-15,0.000000,0.660942,-1.375898
2023-09-16,0.083333,0.825272,-0.277915
2023-09-17,0.000000,0.726470,-0.962420
2023-09-18,0.000000,0.651440,0.390230
2023-09-19,0.000000,0.757622,0.301484
2023-09-20,0.000000,0.660758,-1.169320
2023-09-21,0.000000,0.858315,1.149492
2023-09-22,0.000000,0.924434,1.357860
2023-09-23,0.000000,0.884434,-1.213081
2023-09-24,0.000000,0.933787,-2.096890
2023-09-25,0.000000,1.002683,-1.953100
2023-09-26,0.000000,0.680948,-1.307380
2023-09-27,0.000000,0.493158,-0.414253
2023-09-28,0.333333,1.758887,-2.803315
2023-09-29,0.083333,0.963511,-1.613376
2023-09-30,0.500000,2.064682,-0.577335
2023-10-01,0.000000,0.908215,-1.433101
2023-10-02,0.000000,0.579000,-0.576872
2023-10-03,0.000000,0.536442,-0.557648
2023-10-04,0.000000,0.438638,-0.950719
2023-10-05,0.083333,1.208378,-2.258132
2023-10-06,0.000000,0.568257,-0.675288
2023-10-07,0.000000,0.318102,-0.328284
2023-10-08,0.000000,0.359607,-0.392802
2023-10-09,0.000000,0.518919,0.010247
2023-10-10,0.000000,0.644877,-0.400235
2023-10-11,0.000000,0.777563,-0.480091
2023-10-12,0.000000,0.839024,-0.946090
2023-10-13,0.000000,0.694576,0.948379
2023-10-14,0.000000,0.834969,0.711776
2023-10-15,0.000000,0.892904,-0.340506
2023-10-16,0.083333,1.219566,0.790760
2023-10-17,0.083333,1.208191,-0.301531
2023-10-18,0.416667,2.281285,4.289371
2023-10-19,0.333333,1.973954,2.933896
2023-10-20,0.416667,1.807357,2.440301
2023-10-21,0.083333,1.429723,1.414839
2023-10-22,0.000000,1.134939,0.868651
2023-10-23,0.000000,1.042078,2.042667
2023-10-24,0.000000,1.012236,1.511786
2023-10-25,0.000000,1.213679,0.445523
2023-10-26,0.000000,1.002967,0.175788
2023-10-27,0.000000,0.931592,0.416866
2023-10-28,0.000000,0.924469,1.008314
2023-10-29,0.000000,0.669834,1.034517
2023-10-30,0.000000,0.769587,1.121619
2023-10-31,0.000000,0.808632,0.199561
2023-11-01,0.000000,0.652145,0.260229
2023-11-02,0.083333,1.190411,-0.627312
2023-11-03,0.083333,1.141513,-0.586062
2023-11-04,0.083333,1.072922,-1.094475
2023-11-05,0.083333,1.002820,-1.252633
2023-11-06,0.000000,0.677958,0.565244
2023-11-07,0.000000,0.637036,-0.540597
2023-11-08,0.083333,0.943307,-0.998271
2023-11-09,0.083333,0.984930,0.085346
2023-11-10,0.083333,1.103057,-1.003364
2023-11-11,0.500000,2.810327,3.275761
2023-11-12,0.000000,1.075026,-2.363350
2023-11-13,0.166667,1.079560,-2.556294
2023-11-14,0.333333,1.637438,0.305912
2023-11-15,0.083333,1.064838,-0.319337
2023-11-16,0.000000,1.046853,-1.640808
2023-11-17,0.000000,0.776921,0.005728
2023-11-18,0.083333,1.417364,2.273451
2023-11-19,0.083333,0.970596,1.161664
2023-11-20,0.083333,0.910436,0.698960
2023-11-21,0.000000,0.754661,1.319677
2023-11-22,0.000000,1.082659,1.867948
2023-11-23,0.000000,0.743903,1.346541
2023-11-24,0.000000,0.723488,0.671490
2023-11-25,0.000000,0.712374,-0.529671
2023-11-26,0.500000,1.851298,-0.378677
2023-11-27,0.333333,1.669507,-0.130844
2023-11-28,0.083333,1.253098,-0.520469
2023-11-29,0.000000,0.610414,0.608711
2023-11-30,0.000000,0.516930,0.284172
2023-12-01,0.166667,1.419582,1.438328
2023-12-02,0.250000,1.457910,2.824014
2023-12-03,0.000000,0.960409,0.868043
2023-12-04,0.000000,0.410171,-0.252530
2023-12-05,0.000000,0.877794,0.518721
2023-12-06,0.000000,0.906850,0.040212
2023-12-07,0.083333,1.303636,0.032756
2023-12-08,0.000000,0.966093,-0.568375
2023-12-09,0.000000,1.051957,-0.881032
2023-12-10,0.250000,1.428965,0.117323
2023-12-11,0.166667,1.332581,-0.029466
2023-12-12,0.083333,1.232563,0.338247
2023-12-13,0.000000,0.750032,-0.090378
2023-12-14,0.000000,0.905279,0.719805
2023-12-15,0.000000,0.725934,0.366517
2023-12-16,0.083333,0.951705,-0.309335
2023-12-17,0.000000,0.954444,-0.271615
2023-12-18,0.000000,1.121978,0.087420
2023-12-19,0.083333,1.509999,2.022563
2023-12-20,0.250000,1.280221,0.442718
2023-12-21,0.000000,0.850817,0.583016
2023-12-22,0.000000,0.672510,0.561559
2023-12-23,0.000000,0.751612,0.836002
2023-12-24,0.000000,0.468877,0.100183
2023-12-25,0.000000,0.467214,0.199789
2023-12-26,0.000000,0.350164,-0.239430
2023-12-27,0.000000,1.166525,2.409167
2023-12-28,0.000000,1.096678,2.230375
2023-12-29,0.000000,1.019874,1.405154
2023-12-30,0.083333,1.144950,2.421793
2023-12-31,0.000000,0.766835,0.769986
2024-01-01,0.000000,0.614930,-0.466792
2024-01-02,0.000000,0.735433,-0.258379
2024-01-03,0.000000,0.970947,-1.790070
2024-01-04,0.250000,1.486752,-2.126924
2024-01-05,0.250000,1.254356,-2.282169
2024-01-06,0.250000,1.303887,-2.434447
2024-01-07,0.166667,1.426041,-1.131988
2024-01-08,0.000000,0.617606,0.713203
2024-01-09,0.000000,0.589273,-0.031189
2024-01-10,0.000000,0.317869,0.191393
2024-01-11,0.000000,0.509474,-0.242972
2024-01-12,0.000000,0.564559,-0.052740
2024-01-13,0.166667,1.261618,-1.213367
2024-01-14,0.250000,1.473707,-2.827331
2024-01-15,0.333333,1.394578,-2.633119
2024-01-16,0.083333,1.178332,-1.157467
2024-01-17,0.333333,1.659700,3.378207
2024-01-18,0.000000,1.078235,1.639649
2024-01-19,0.166667,1.275085,2.978948
2024-01-20,0.000000,1.076498,0.585937
2024-01-21,0.000000,0.970772,0.549458
2024-01-22,0.000000,0.950627,0.264284
2024-01-23,0.000000,0.761026,0.928666
2024-01-24,0.000000,0.705542,1.511982
2024-01-25,0.000000,0.754322,-0.355938
2024-01-26,0.000000,0.895290,-1.093996
2024-01-27,0.000000,0.849560,-0.455579
2024-01-28,0.000000,0.854067,-0.888016
2024-01-29,0.000000,0.996703,-0.149363
2024-01-30,0.083333,1.018151,-0.176365
2024-01-31,0.000000,1.039557,-2.090881
2024-02-01,0.083333,1.330058,-3.136885
2024-02-02,0.000000,0.637245,-1.142797
2024-02-03,0.000000,0.446565,0.027429
2024-02-04,0.000000,0.690129,0.338209
2024-02-05,0.333333,1.868543,2.785925
2024-02-06,0.000000,0.622971,0.042358
2024-02-07,0.000000,0.891127,-0.195945
2024-02-08,0.000000,1.014975,1.595134
2024-02-09,0.000000,0.753052,0.235020
2024-02-10,0.000000,0.513941,0.393707
2024-02-11,0.083333,0.971440,-0.734825
2024-02-12,0.000000,0.853215,-1.649425
2024-02-13,0.000000,1.101184,-1.047090
2024-02-14,0.000000,0.549519,0.288127
2024-02-15,0.000000,0.551525,-0.723828
2024-02-16,0.000000,0.952578,-1.169685
2024-02-17,0.000000,0.905299,-1.459776
2024-02-18,0.083333,1.579328,-0.732717
2024-02-19,0.083333,1.520987,-0.886238
2024-02-20,0.000000,1.067356,-0.431795
2024-02-21,0.250000,1.456452,-1.634916
2024-02-22,0.166667,1.551665,-1.932370
2024-02-23,0.166667,1.396967,-0.460734
2024-02-24,0.333333,1.868544,1.278236
2024-02-25,0.333333,1.911269,2.002125
2024-02-26,0.083333,1.169168,-0.220209
2024-02-27,0.000000,1.014861,0.064443
2024-02-28,0.000000,0.873756,-0.349754
2024-02-29,0.000000,0.605389,-0.394363
2024-03-01,0.000000,0.543599,-1.178663
2024-03-02,0.000000,0.440586,0.244943
2024-03-03,0.000000,0.758994,-0.861430
2024-03-04,0.000000,0.695705,-0.584006
2024-03-05,0.000000,0.350948,0.430118
2024-03-06,0.000000,0.736432,1.058945
2024-03-07,0.000000,1.251075,-0.590444
2024-03-08,0.000000,1.200180,-1.395607
2024-03-09,0.000000,0.984780,-1.515976
2024-03-10,0.083333,0.732001,-0.618949
2024-03-11,0.000000,0.657002,0.127775
2024-03-12,0.000000,0.627229,0.092052
2024-03-13,0.000000,0.663942,-0.853540
2024-03-14,0.083333,0.967323,0.895069
2024-03-15,0.000000,0.673472,-1.032250
2024-03-16,0.083333,1.118184,0.922633
2024-03-17,0.083333,1.119667,0.473824
2024-03-18,0.000000,0.650542,-0.688221
2024-03-19,0.000000,1.118987,-1.435588
2024-03-20,0.083333,1.374826,-1.197602
2024-03-21,0.000000,1.041083,-0.638390
2024-03-22,0.000000,0.810211,-0.226573
2024-03-23,0.000000,0.668958,-1.406392
2024-03-24,0.000000,0.785449,-1.125554
2024-03-25,0.000000,0.758470,-0.239707
2024-03-26,0.000000,0.764730,-0.482674
2024-03-27,0.000000,0.833918,-0.434740
2024-03-28,0.000000,0.740359,0.092682
2024-03-29,0.000000,0.586513,0.703977
2024-03-30,0.000000,0.599814,0.492851
2024-03-31,0.000000,0.784751,1.324851
2024-04-01,0.000000,0.881886,1.025596
2024-04-02,0.000000,0.957352,2.018800
2024-04-03,0.083333,1.146247,1.573477
2024-04-04,0.000000,0.736395,-0.639361
2024-04-05,0.166667,1.561909,0.401303
2024-04-06,0.000000,0.805281,-0.241913
2024-04-07,0.083333,1.072890,0.778509
2024-04-08,0.083333,1.138646,0.277341
2024-04-09,0.083333,0.965852,0.852710
2024-04-10,0.083333,1.146581,-1.627565
2024-04-11,0.000000,0.855209,1.079782
2024-04-12,0.083333,1.340211,2.136483
2024-04-13,0.000000,0.339674,0.319841
2024-04-14,0.000000,0.865075,1.820020
2024-04-15,0.000000,0.699545,-0.298672
2024-04-16,0.083333,0.968921,-0.070010
2024-04-17,0.000000,1.210119,1.902105
2024-04-18,0.000000,0.569497,0.547795
2024-04-19,0.000000,0.613526,-0.254637
2024-04-20,0.000000,0.677766,0.588489
2024-04-21,0.250000,1.400010,2.407450
2024-04-22,0.166667,1.003007,0.306079
2024-04-23,0.000000,1.154846,1.923286
2024-04-24,0.000000,1.127320,1.068691
2024-04-25,0.000000,0.502402,0.450922
2024-04-26,0.000000,1.117471,-1.648049
2024-04-27,0.000000,0.923459,-1.504180
2024-04-28,0.000000,1.019259,-1.763255
2024-04-29,0.000000,0.774543,0.357540
2024-04-30,0.083333,1.215579,1.619799
2024-05-01,0.250000,1.568863,1.947810
2024-05-02,0.000000,0.975217,0.994404
2024-05-03,0.000000,1.116734,1.916438
2024-05-04,0.000000,0.480801,0.479776
2024-05-05,0.250000,1.550453,-0.460705
2024-05-06,0.083333,1.189098,-0.673719
2024-05-07,0.000000,0.960500,-0.681968
2024-05-08,0.166667,1.191416,-0.991808
2024-05-09,0.000000,1.068932,-0.273943
2024-05-10,0.000000,1.015583,-0.944852
2024-05-11,0.000000,1.149572,0.018997
2024-05-12,0.333333,1.771181,-0.623026
2024-05-13,0.000000,0.936464,0.824540
2024-05-14,0.000000,0.805099,0.689538
2024-05-15,0.000000,1.041743,1.180471
2024-05-16,0.000000,0.647802,-0.548937
2024-05-17,0.083333,1.287532,2.475617
2024-05-18,0.166667,1.319972,2.676657
2024-05-19,0.166667,1.561224,3.616629
2024-05-20,0.083333,1.223119,2.732949
2024-05-21,0.166667,1.204989,2.184176
2024-05-22,0.250000,1.596113,3.242837
2024-05-23,0.333333,1.729179,2.503634
2024-05-24,0.250000,1.820915,2.407975
2024-05-25,0.250000,1.623660,1.178985
2024-05-26,0.416667,2.121188,3.261288
2024-05-27,0.333333,1.763193,2.201497
2024-05-28,0.500000,1.961737,3.782593
2024-05-29,0.250000,1.593272,3.064583
2024-05-30,0.000000,1.281193,0.174536
2024-05-31,0.250000,1.561545,2.101332
2024-06-01,0.250000,1.643860,1.285219
2024-06-02,0.250000,1.292379,0.069680
2024-06-03,0.000000,1.177173,-0.042065
2024-06-04,0.166667,1.152097,0.964892
2024-06-05,0.000000,1.166000,1.189160
2024-06-06,0.000000,0.872963,0.932163
2024-06-07,0.000000,0.758850,1.146575
2024-06-08,0.000000,0.475003,0.934052
2024-06-09,0.000000,0.717589,0.842781
2024-06-10,0.250000,1.566386,2.093396
2024-06-11,0.250000,1.513076,2.072086
2024-06-12,0.083333,1.106657,0.583450
2024-06-13,0.000000,0.993357,1.858605
2024-06-14,0.000000,0.664851,0.411451
2024-06-15,0.083333,0.951981,0.141327
2024-06-16,0.000000,0.753974,-0.150358
2024-06-17,0.083333,0.987457,0.527494
2024-06-18,0.000000,0.904554,1.587138
2024-06-19,0.000000,0.733443,0.471460
2024-06-20,0.000000,1.026080,-0.647022
2024-06-21,0.000000,0.895313,0.634878
2024-06-22,0.166667,1.551734,-1.248422
2024-06-23,0.250000,1.503101,-2.182311
2024-06-24,0.333333,1.844082,-2.882709
2024-06-25,0.166667,1.276481,-2.359729
2024-06-26,0.166667,1.322672,-2.673616
2024-06-27,0.166667,1.440791,-1.300843
2024-06-28,0.000000,1.059374,-0.508421
2024-06-29,0.083333,1.125386,1.358719
2024-06-30,0.000000,0.821374,1.323126
2024-07-01,0.000000,0.719394,-0.908996
2024-07-02,0.000000,0.631015,-0.627826
2024-07-03,0.083333,1.188405,-1.795775
2024-07-04,0.000000,0.746148,-0.254891
2024-07-05,0.000000,0.708826,-1.208147
2024-07-06,0.000000,0.700777,-1.258361
2024-07-07,0.000000,0.762669,-1.086745
2024-07-08,0.000000,0.756408,-0.477664
2024-07-09,0.000000,0.944062,-1.674580
2024-07-10,0.083333,1.217274,-1.652988
2024-07-11,0.000000,1.057810,-0.555952
2024-07-12,0.000000,0.713486,-0.993869
2024-07-13,0.000000,0.864375,-0.688130
2024-07-14,0.000000,0.732974,-0.549929
2024-07-15,0.000000,0.918837,-1.500279
2024-07-16,0.000000,1.058090,-0.871437
2024-07-17,0.000000,0.835674,-0.707005
2024-07-18,0.000000,0.788108,-1.017751
2024-07-19,0.000000,1.144100,-1.780398
2024-07-20,0.000000,0.994051,-1.881032
2024-07-21,0.000000,0.802415,-0.257675
2024-07-22,0.000000,0.812414,-1.323294
2024-07-23,0.000000,0.665012,-0.823608
2024-07-24,0.000000,0.927585,0.851346
2024-07-25,0.000000,0.614180,-1.009178
2024-07-26,0.000000,1.010412,-2.023909
2024-07-27,0.000000,0.927284,-2.018198
2024-07-28,0.000000,0.688859,-1.028684
2024-07-29,0.000000,0.442160,-0.181018
2024-07-30,0.000000,0.577199,-1.098901
2024-07-31,0.000000,0.868396,0.001525
2024-08-01,0.000000,0.871203,-0.010790
2024-08-02,0.166667,1.313374,2.954215
2024-08-03,0.083333,1.327554,2.865823
2024-08-04,0.000000,0.713520,0.149267
2024-08-05,0.250000,1.639923,3.826764
2024-08-06,0.000000,0.804248,1.152398
2024-08-07,0.000000,0.726733,0.428753
2024-08-08,0.000000,0.775132,0.407923
2024-08-09,0.000000,1.060490,-0.110275
2024-08-10,0.000000,0.792643,0.341900
2024-08-11,0.416667,1.746080,2.190269
2024-08-12,0.083333,1.119282,-0.697371
2024-08-13,0.000000,0.654549,0.781177
2024-08-14,0.166667,1.195001,1.662063
2024-08-15,0.333333,1.623538,3.328633
2024-08-16,0.166667,1.279017,2.569414
2024-08-17,0.000000,0.978737,2.019669
2024-08-18,0.083333,1.053038,1.959102
2024-08-19,0.083333,1.158476,-0.116437
2024-08-20,0.166667,1.488602,0.049905
2024-08-21,0.250000,1.348960,1.990738
2024-08-22,0.250000,1.513408,2.124108
2024-08-23,0.166667,1.360312,0.049989
2024-08-24,0.166667,1.328894,0.751107
2024-08-25,0.083333,1.469482,-0.945338
2024-08-26,0.000000,1.281476,-0.584622
2024-08-27,0.000000,1.312317,-0.403825
2024-08-28,0.000000,1.095854,2.044153
2024-08-29,0.000000,1.233032,0.824907
2024-08-30,0.083333,1.110647,1.085872
2024-08-31,0.000000,0.925463,0.715794
2024-09-01,0.083333,1.363669,1.179692
2024-09-02,0.083333,1.371195,1.048328
2024-09-03,0.166667,1.495988,-0.772313
2024-09-04,0.000000,1.112585,-0.138841
2024-09-05,0.250000,1.421265,-0.909911
2024-09-06,0.166667,1.467902,-1.062083
2024-09-07,0.000000,1.165109,-1.015571
2024-09-08,0.000000,1.182423,-0.662205
2024-09-09,0.000000,1.054446,-0.150945
2024-09-10,0.000000,1.219341,-0.940749
2024-09-11,0.000000,1.113621,-0.287676
2024-09-12,0.000000,1.259656,-0.831314
2024-09-13,0.000000,1.129385,-0.071977
2024-09-14,0.000000,0.797010,1.522579
2024-09-15,0.083333,1.678150,0.416331
2024-09-16,0.083333,1.350232,0.595796
2024-09-17,0.083333,1.029838,0.857165
2024-09-18,0.000000,0.884355,-0.044466
2024-09-19,0.000000,1.097929,1.429639
2024-09-20,0.000000,0.708851,0.233546
2024-09-21,0.000000,0.862781,0.060387
2024-09-22,0.000000,0.868033,0.409611
2024-09-23,0.000000,0.770987,1.254093
2024-09-24,0.166667,1.153527,0.273822
2024-09-25,0.000000,0.767245,1.641763
2024-09-26,0.000000,0.642047,0.083284
2024-09-27,0.083333,0.987232,1.649561
2024-09-28,0.000000,0.670822,0.865883
2024-09-29,0.000000,0.753915,1.446172
2024-09-30,0.000000,0.626913,0.509689
2024-10-01,0.000000,0.458687,0.895955
2024-10-02,0.000000,0.652598,-0.718381
2024-10-03,0.000000,0.453540,0.278868
2024-10-04,0.000000,1.056922,-2.073566
2024-10-05,0.000000,0.563318,-1.220652
2024-10-06,0.000000,0.930170,-0.955803
2024-10-07,0.000000,0.797291,-1.074886
2024-10-08,0.000000,0.579952,-0.316858
2024-10-09,0.000000,0.756279,-0.102250
2024-10-10,0.000000,0.846560,-0.175654
2024-10-11,0.000000,0.689289,-0.349929
2024-10-12,0.000000,0.692666,-0.480485
2024-10-13,0.083333,1.166469,1.772675
2024-10-14,0.000000,0.542474,0.109050
2024-10-15,0.000000,0.686250,-0.848374
2024-10-16,0.000000,0.667079,0.415164
2024-10-17,0.000000,0.551847,0.219303
2024-10-18,0.000000,0.954507,1.124007
2024-10-19,0.000000,0.776841,-1.174627
2024-10-20,0.333333,1.378919,-2.164029
2024-10-21,0.000000,0.979827,-1.357414
2024-10-22,0.083333,1.159772,0.487078
2024-10-23,0.000000,0.557745,-0.290380
2024-10-24,0.000000,0.920642,-0.863818
2024-10-25,0.250000,1.613381,-1.306511
2024-10-26,0.416667,1.871383,-1.249694
2024-10-27,0.000000,1.254850,-0.254166
2024-10-28,0.000000,0.962649,-1.222652
2024-10-29,0.000000,0.851762,-1.041712
2024-10-30,0.000000,1.117703,-0.717162
2024-10-31,0.500000,2.395927,-1.187164
2024-11-01,0.500000,2.384527,-0.752995
2024-11-02,0.583333,2.845533,-1.153372
2024-11-03,0.333333,1.973543,-2.444646
2024-11-04,0.500000,2.243918,-0.190853
2024-11-05,0.416667,1.884400,-1.335885
2024-11-06,0.000000,1.031211,-0.995017
2024-11-07,0.083333,1.075069,1.072228
2024-11-08,0.083333,0.952711,0.600147
2024-11-09,0.083333,1.120920,1.236769
2024-11-10,0.083333,0.885919,0.741466
2024-11-11,0.000000,0.499454,0.467375
2024-11-12,0.000000,0.716799,0.345750
2024-11-13,0.000000,0.626563,-0.431874
2024-11-14,0.000000,0.792121,-0.080410
2024-11-15,0.083333,0.934882,0.039422
2024-11-16,0.083333,0.864592,0.639240
2024-11-17,0.083333,0.949709,-0.002597
2024-11-18,0.083333,1.050649,0.271640
2024-11-19,0.083333,0.926377,-0.321499
2024-11-20,0.083333,0.932590,-0.361481
2024-11-21,0.083333,1.124211,-0.591121
2024-11-22,0.000000,0.645436,-0.876724
2024-11-23,0.000000,0.905493,-0.905494
2024-11-24,0.000000,0.839612,-0.888549
2024-11-25,0.000000,0.367790,-0.558489
2024-11-26,0.000000,0.523244,-0.643258
2024-11-27,0.000000,0.775687,-0.514702
2024-11-28,0.000000,0.507265,-0.248713
2024-11-29,0.000000,0.658541,0.308909
2024-11-30,0.000000,0.890671,-1.238633
2024-12-01,0.083333,1.091256,0.334956
2024-12-02,0.083333,1.148890,0.102850
2024-12-03,0.000000,0.896036,-0.102282
2024-12-04,0.000000,0.887887,-0.539091
2024-12-05,0.083333,1.134239,-1.415927
2024-12-06,0.250000,1.511050,-0.869136
2024-12-07,0.083333,1.119038,-0.259611
2024-12-08,0.166667,1.618018,-0.493999
2024-12-09,0.083333,1.082207,-1.132897
2024-12-10,0.166667,1.264353,-1.027627
2024-12-11,0.166667,1.326540,-1.812073
2024-12-12,0.333333,1.965889,-3.713729
2024-12-13,0.166667,1.424580,-2.191279
2024-12-14,0.166667,1.343457,-0.292445
2024-12-15,0.083333,1.422217,-0.051086
2024-12-16,0.083333,1.254936,-1.106710
2024-12-17,0.250000,1.448201,0.879032
2024-12-18,0.166667,1.281699,-0.354487
2024-12-19,0.083333,1.064882,-1.984927
2024-12-20,0.000000,0.685407,-1.539695
2024-12-21,0.000000,0.493196,-0.926852
2024-12-22,0.000000,0.614158,0.638576
2024-12-23,0.083333,1.006044,0.777371
2024-12-24,0.000000,0.726083,-0.807187
2024-12-25,0.000000,0.880255,-1.503248
2024-12-26,0.000000,0.810596,-0.448790
2024-12-27,0.083333,0.913513,1.509399
2024-12-28,0.250000,1.389722,2.160287
2024-12-29,0.083333,1.097084,1.837773
2024-12-30,0.000000,0.395160,-0.222090
2024-12-31,0.000000,0.712956,-0.905366
2025-01-01,0.000000,0.657879,-0.928045
2025-01-02,0.000000,0.476631,-0.179666
2025-01-03,0.083333,0.874988,0.603358
2025-01-04,0.166667,1.384526,1.926884
2025-01-05,0.000000,0.693372,-0.489700
2025-01-06,0.000000,0.661701,-0.132694
2025-01-07,0.083333,1.010655,0.749267
2025-01-08,0.166667,1.387974,2.465752
2025-01-09,0.250000,1.707464,2.951651
2025-01-10,0.000000,0.951526,1.331224
2025-01-11,0.000000,1.039209,0.260334
2025-01-12,0.083333,1.418033,2.618379
2025-01-13,0.083333,1.178378,1.963890
2025-01-14,0.000000,0.908375,0.746670
2025-01-15,0.000000,0.908254,1.012413
2025-01-16,0.083333,1.288995,2.641831
2025-01-17,0.000000,1.269371,-0.286929
2025-01-18,0.000000,0.736880,-0.940445
2025-01-19,0.000000,0.569382,-1.239384
2025-01-20,0.000000,0.721208,-1.308594
2025-01-21,0.000000,0.950572,-1.242032
2025-01-22,0.000000,0.444083,0.730828
2025-01-23,0.000000,0.616063,1.248048
2025-01-24,0.000000,0.902719,1.992230
2025-01-25,0.000000,0.867583,1.847021
2025-01-26,0.000000,0.783405,1.391401
2025-01-27,0.000000,0.971594,1.977181
2025-01-28,0.000000,0.742412,1.253921
2025-01-29,0.000000,0.824825,1.631068
2025-01-30,0.000000,0.636855,0.015944
2025-01-31,0.000000,0.953732,0.423097
2025-02-01,0.000000,0.722697,0.089753
2025-02-02,0.083333,1.175192,1.117035
2025-02-03,0.083333,1.003046,1.407360
2025-02-04,0.000000,0.763358,0.905606
2025-02-05,0.000000,0.713109,0.715634
2025-02-06,0.000000,0.678479,0.947214
2025-02-07,0.000000,0.749283,-0.253732
2025-02-08,0.000000,0.679098,-0.523164
2025-02-09,0.000000,0.481576,0.629764
2025-02-10,0.000000,1.001833,1.233043
2025-02-11,0.000000,0.940830,-1.810312
2025-02-12,0.000000,0.961077,-1.695335
2025-02-13,0.000000,0.604967,-0.240781
2025-02-14,0.000000,0.821749,-0.604127
2025-02-15,0.083333,1.202039,-1.160011
2025-02-16,0.000000,1.147206,-0.267167
2025-02-17,0.000000,1.125638,-0.496427
2025-02-18,0.000000,0.990226,-0.818850
2025-02-19,0.000000,1.040181,0.395066
2025-02-20,0.000000,0.664172,-0.069313
2025-02-21,0.000000,0.832611,0.042146
2025-02-22,0.000000,0.863468,0.489361
2025-02-23,0.000000,0.779182,0.518577
2025-02-24,0.000000,0.833555,-1.471264
2025-02-25,0.000000,0.827816,-0.845739
2025-02-26,0.000000,0.624196,0.156323
2025-02-27,0.000000,0.495970,1.096979
2025-02-28,0.000000,0.858720,-0.082761
2025-03-01,0.083333,1.176455,0.996436
2025-03-02,0.000000,0.955614,-0.123930
2025-03-03,0.000000,0.971833,0.781713
2025-03-04,0.000000,0.527351,0.429187
2025-03-05,0.000000,0.485785,0.221078
2025-03-06,0.000000,1.061656,1.245389
2025-03-07,0.000000,0.763657,-0.033286
2025-03-08,0.000000,0.883940,0.631019
2025-03-09,0.083333,1.177728,1.830298
2025-03-10,0.000000,0.762869,1.443727
2025-03-11,0.000000,0.710819,0.932233
2025-03-12,0.250000,1.313606,1.924776
2025-03-13,0.083333,1.252716,0.686945
2025-03-14,0.083333,1.260845,0.861976
2025-03-15,0.166667,1.510754,1.211094
2025-03-16,0.166667,1.286121,1.139231
2025-03-17,0.250000,1.260432,0.933781
2025-03-18,0.166667,1.164454,1.616713
2025-03-19,0.083333,1.009010,1.471872
2025-03-20,0.000000,0.974900,0.136162
2025-03-21,0.250000,1.387891,0.294809
2025-03-22,0.250000,1.386526,0.387754
2025-03-23,0.333333,1.812324,1.666161
2025-03-24,0.166667,1.461923,2.227855
2025-03-25,0.166667,1.163425,1.345468
2025-03-26,0.166667,1.418521,2.729629
2025-03-27,0.000000,1.172324,2.464423
2025-03-28,0.250000,1.572523,1.980055
2025-03-29,0.250000,1.584155,1.578702
2025-03-30,0.250000,1.547117,1.743925
2025-03-31,0.250000,1.559617,2.465143
2025-04-01,0.083333,1.145806,1.168780
2025-04-02,0.000000,0.989950,0.192095
2025-04-03,0.166667,1.420868,0.508357
2025-04-04,0.416667,1.800803,0.051917
2025-04-05,0.416667,1.847682,0.846446
2025-04-06,0.250000,1.632310,0.627442
2025-04-07,0.500000,2.758194,5.937407
2025-04-08,0.166667,1.479367,2.742259
2025-04-09,0.416667,2.110705,4.703383
2025-04-10,0.416667,2.135575,4.576859
2025-04-11,0.166667,1.549978,1.886165
2025-04-12,0.333333,1.648948,2.716932
2025-04-13,0.166667,1.366528,1.736539
2025-04-14,0.083333,1.173470,0.844274
2025-04-15,0.000000,1.076499,1.226722
2025-04-16,0.083333,1.445689,1.353883
2025-04-17,0.083333,1.171245,1.315688
2025-04-18,0.083333,1.250581,1.343609
2025-04-19,0.083333,1.197351,1.641654
2025-04-20,0.083333,1.122131,0.962492
2025-04-21,0.000000,0.997541,0.568397
2025-04-22,0.000000,0.947132,0.655932
2025-04-23,0.083333,0.945070,1.014509
2025-04-24,0.083333,0.944356,0.867065
2025-04-25,0.083333,1.074470,0.756384
2025-04-26,0.083333,1.104911,0.201107
2025-04-27,0.000000,0.762210,0.575122
2025-04-28,0.000000,0.578053,0.940475
2025-04-29,0.000000,0.509881,0.746141
2025-04-30,0.000000,0.538243,0.751793
2025-05-01,0.083333,1.001646,0.586940
2025-05-02,0.083333,1.100252,0.323376
2025-05-03,0.083333,0.990023,0.327573
2025-05-04,0.083333,1.287623,2.764275
2025-05-05,0.083333,1.194107,2.528190
2025-05-06,0.000000,0.571372,1.084797
2025-05-07,0.083333,1.229326,-0.752039
2025-05-08,0.250000,1.479682,-0.404549
2025-05-09,0.000000,1.051669,-0.693629
2025-05-10,0.000000,0.816130,0.523256
2025-05-11,0.000000,0.863270,-0.873118
2025-05-12,0.000000,0.914553,-0.243849
2025-05-13,0.000000,0.919943,-0.921646
2025-05-14,0.083333,1.020060,-1.601397
2025-05-15,0.083333,1.293245,-1.013419
2025-05-16,0.083333,1.300840,-2.850009
2025-05-17,0.083333,1.054159,-2.153843
2025-05-18,0.083333,1.035049,-2.212943
2025-05-19,0.083333,1.143356,-2.591750
2025-05-20,0.083333,1.123905,-2.266922
2025-05-21,0.000000,0.785370,1.284253
2025-05-22,0.083333,1.055463,2.121960
2025-05-23,0.000000,0.951416,0.515654
2025-05-24,0.000000,0.923399,-0.196231
2025-05-25,0.000000,1.093037,0.327533
2025-05-26,0.083333,1.127627,1.004892
2025-05-27,0.166667,1.690096,2.224061
2025-05-28,0.083333,1.204196,0.981010
2025-05-29,0.000000,1.112088,0.772849
2025-05-30,0.166667,1.418752,1.839720
2025-05-31,0.083333,1.375666,1.877564
2025-06-01,0.166667,1.358039,2.542332
2025-06-02,0.166667,1.261860,1.447508
2025-06-03,0.000000,1.085364,-0.155765
2025-06-04,0.000000,1.073357,-0.944826
2025-06-05,0.083333,1.290818,-0.498002
2025-06-06,0.083333,1.053957,-2.249279
2025-06-07,0.000000,1.353109,-1.336575
2025-06-08,0.000000,1.086678,0.405210
2025-06-09,0.083333,1.093276,0.465676
2025-06-10,0.083333,1.254698,0.603802
2025-06-11,0.000000,0.798725,-0.911330
2025-06-12,0.000000,0.960751,-0.455632
2025-06-13,0.000000,0.646614,0.126951
2025-06-14,0.000000,0.977730,-1.982132
2025-06-15,0.000000,0.904159,-1.197736
2025-06-16,0.166667,1.228607,0.175649
2025-06-17,0.000000,0.932162,-1.634178
2025-06-18,0.000000,0.907114,-2.105832
2025-06-19,0.000000,0.928741,-1.911492
2025-06-20,0.000000,0.759217,1.181259
2025-06-21,0.000000,0.942418,-1.146581
2025-06-22,0.000000,0.698174,-0.365205
2025-06-23,0.000000,0.535130,-1.168401
2025-06-24,0.000000,0.479362,0.521508
2025-06-25,0.000000,0.597205,0.235520
2025-06-26,0.000000,0.739004,-0.437430
2025-06-27,0.166667,1.264805,-0.987985
2025-06-28,0.083333,1.365696,-2.369262
2025-06-29,0.166667,1.512406,-1.445872
2025-06-30,0.250000,1.419668,-0.793440
2025-07-01,0.250000,1.284326,-3.160173
2025-07-02,0.000000,0.980768,-2.153297
2025-07-03,0.083333,1.197864,-2.050271
2025-07-04,0.166667,1.357028,-2.045804
2025-07-05,0.083333,1.351567,-2.303628
2025-07-06,0.166667,1.314491,-2.974062
2025-07-07,0.000000,0.949880,-1.705255
2025-07-08,0.000000,0.831402,-0.735844
2025-07-09,0.166667,1.361282,-3.501094
2025-07-10,0.250000,1.449355,-3.736247
2025-07-11,0.333333,1.697686,-4.661383
2025-07-12,0.250000,1.453282,-3.818273
2025-07-13,0.166667,1.459404,-3.295414
2025-07-14,0.166667,1.578651,-3.600387
2025-07-15,0.083333,1.109894,-2.612212
2025-07-16,0.250000,1.376175,-2.792820
2025-07-17,0.250000,1.643234,-3.341707
2025-07-18,0.166667,1.429569,-2.708084
2025-07-19,0.166667,1.384859,-2.609363
2025-07-20,0.083333,1.034306,-2.092491
2025-07-21,0.166667,1.145658,-2.195711
2025-07-22,0.000000,1.069446,-1.344381
2025-07-23,0.083333,1.289310,-0.771970
2025-07-24,0.166667,1.228403,-2.004908
2025-07-25,0.083333,1.123143,-0.801638
2025-07-26,0.083333,1.081954,-1.031163
2025-07-27,0.000000,1.110827,-0.642098
2025-07-28,0.000000,0.997303,-1.104813
2025-07-29,0.000000,1.075178,-1.767441
2025-07-30,0.083333,1.153917,-1.897031
2025-07-31,0.000000,0.927156,-1.959721
2025-08-01,0.000000,0.757053,-1.178598
2025-08-02,0.000000,0.758670,-1.726459
2025-08-03,0.000000,0.632355,-0.963854
2025-08-04,0.000000,0.845109,-0.804185
2025-08-05,0.000000,0.797736,-1.149080
2025-08-06,0.083333,0.970032,-1.618916
2025-08-07,0.000000,0.646127,-0.363849
2025-08-08,0.000000,1.006722,-1.427868
2025-08-09,0.000000,0.941812,-0.935278
2025-08-10,0.000000,0.833327,-0.395657
2025-08-11,0.083333,1.063292,-0.650530
2025-08-12,0.000000,1.133111,-0.685132
2025-08-13,0.000000,0.969328,-0.866151
2025-08-14,0.000000,0.815680,0.740981
2025-08-15,0.000000,0.547420,0.261360
2025-08-16,0.000000,0.571544,-0.084871
2025-08-17,0.000000,0.648150,-0.368506
2025-08-18,0.000000,0.981300,-1.409747
2025-08-19,0.000000,1.006607,-1.334503
2025-08-20,0.000000,0.731530,-0.074048
2025-08-21,0.000000,0.841444,-0.837385
2025-08-22,0.000000,0.697451,0.766750
2025-08-23,0.083333,1.019477,1.494298
2025-08-24,0.000000,1.024923,1.585057
2025-08-25,0.000000,0.901917,1.383024
2025-08-26,0.083333,0.960178,1.299695
2025-08-27,0.000000,0.746898,1.004515
2025-08-28,0.083333,1.213529,2.205907
2025-08-29,0.000000,0.845335,0.995533
2025-08-30,0.000000,0.830993,0.429001
2025-08-31,0.083333,1.116530,-0.459659
2025-09-01,0.083333,1.093414,-0.176177
2025-09-02,0.000000,0.847058,0.577743
2025-09-03,0.000000,0.905296,-0.541407
2025-09-04,0.000000,0.747871,-0.514110
2025-09-05,0.000000,0.739615,-0.084385
2025-09-06,0.000000,0.663365,-0.253953
2025-09-07,0.000000,0.756546,0.007168
2025-09-08,0.083333,1.238816,-0.833862
2025-09-09,0.083333,1.241328,-0.729411
2025-09-10,0.000000,1.081875,-1.897633
2025-09-11,0.000000,1.314495,-0.348205
2025-09-12,0.000000,0.931636,-0.087405
2025-09-13,0.000000,1.047655,-1.626517
2025-09-14,0.000000,0.723383,-1.142387
2025-09-15,0.000000,0.683236,-1.438315
2025-09-16,0.000000,0.602757,-0.561966
2025-09-17,0.000000,0.685353,0.403997
2025-09-18,0.000000,0.673236,0.207036
2025-09-19,0.000000,1.084997,0.523528
2025-09-20,0.000000,0.610838,-0.204246
2025-09-21,0.000000,0.895264,-2.163461
2025-09-22,0.000000,0.600690,-0.039161
2025-09-23,0.000000,0.859648,0.276151
2025-09-24,0.000000,1.032950,-2.483291
2025-09-25,0.000000,0.989829,0.819843
2025-09-26,0.000000,0.416396,-0.366448
2025-09-27,0.000000,0.686959,-1.469763
2025-09-28,0.083333,1.488116,0.312089
2025-09-29,0.000000,0.675961,-0.338631
2025-09-30,0.000000,0.870243,-0.153355
2025-10-01,0.000000,0.941822,0.228395
2025-10-02,0.083333,0.855605,-1.300706
2025-10-03,0.000000,1.048730,-1.000370
2025-10-04,0.083333,1.378690,-1.200207
2025-10-05,0.000000,1.212648,-0.991101
2025-10-06,0.083333,1.011168,0.785414
2025-10-07,0.083333,1.095936,1.100690
2025-10-08,0.083333,1.086202,1.004342
2025-10-09,0.000000,1.084279,1.534626
2025-10-10,0.083333,1.301521,0.180982
2025-10-11,0.083333,1.402608,1.624142
2025-10-12,0.083333,1.295558,1.539419
2025-10-13,0.250000,1.739420,2.783057
2025-10-14,0.083333,1.132597,0.528802
2025-10-15,0.000000,1.065033,0.929763
2025-10-16,0.416667,1.592207,2.186533
2025-10-17,0.000000,1.114453,1.688963
2025-10-18,0.083333,1.258463,1.397413
2025-10-19,0.000000,1.048265,0.787683
2025-10-20,0.166667,1.318366,1.296785
2025-10-21,0.000000,1.211221,1.674344
2025-10-22,0.250000,1.374624,1.569644
2025-10-23,0.000000,1.114804,-0.054421
2025-10-24,0.000000,1.150826,0.512170
2025-10-25,0.000000,1.152515,0.543384
2025-10-26,0.000000,1.248402,0.629867
2025-10-27,0.166667,1.555084,0.890283
2025-10-28,0.250000,1.647407,1.047110
2025-10-29,0.000000,1.267726,-0.308931
2025-10-30,0.166667,1.724035,2.553015
2025-10-31,0.083333,1.260862,2.011033
2025-11-01,0.083333,1.159061,2.068046
2025-11-02,0.083333,1.086602,1.987048
2025-11-03,0.083333,1.240211,2.309613
2025-11-04,0.083333,1.314292,2.445123
2025-11-05,0.000000,0.718655,0.715539
2025-11-06,0.000000,0.649880,0.708796
2025-11-07,0.000000,0.948306,1.481587
2025-11-08,0.000000,0.925879,0.167052
2025-11-09,0.083333,0.976702,-0.596828
2025-11-10,0.000000,0.771035,0.260286
2025-11-11,0.000000,0.592991,0.686893
2025-11-12,0.000000,0.709677,0.875679
2025-11-13,0.000000,0.700247,0.607762
2025-11-14,0.000000,0.846786,-0.359668
2025-11-15,0.000000,0.748073,0.503348
2025-11-16,0.000000,0.640010,-0.465519
2025-11-17,0.000000,1.071512,-1.038301
2025-11-18,0.000000,0.714383,-0.541847
2025-11-19,0.000000,0.963452,-1.086777
2025-11-20,0.000000,0.592708,-0.537280
2025-11-21,0.000000,0.924178,-1.946766
2025-11-22,0.083333,1.005468,-2.105983
2025-11-23,0.083333,1.201030,-2.393606
2025-11-24,0.000000,0.709841,-0.998246
2025-11-25,0.000000,0.680409,-0.437908
2025-11-26,0.166667,1.291519,-1.308349
2025-11-27,0.250000,1.413322,-1.653689
2025-11-28,0.250000,1.629497,-2.350854
2025-11-29,0.000000,0.527395,-0.194485
2025-11-30,0.000000,0.777680,-1.181415
2025-12-01,0.000000,0.597815,-0.909259
2025-12-02,0.000000,0.641161,-0.226304
2025-12-03,0.000000,0.989382,-2.161388
2025-12-04,0.000000,0.789718,0.055526
2025-12-05,0.000000,0.514908,-0.326688
2025-12-06,0.000000,0.735995,-1.485493
2025-12-07,0.000000,0.410442,-0.423724
2025-12-08,0.000000,0.817095,-1.718683
2025-12-09,0.000000,0.870897,-1.756385
2025-12-10,0.000000,0.871979,1.028141
2025-12-11,0.000000,0.817682,-0.120526
2025-12-12,0.000000,0.317139,-0.055740
2025-12-13,0.000000,0.686534,0.708677
2025-12-14,0.000000,0.519335,0.357502
2025-12-15,0.000000,0.534184,-0.427880
2025-12-16,0.000000,0.736582,0.228721
2025-12-17,0.000000,0.654573,0.300271
2025-12-18,0.000000,0.843641,-1.335512
2025-12-19,0.000000,0.806392,-0.723997
2025-12-20,0.000000,0.830219,-0.866260
2025-12-21,0.000000,0.704358,0.789206
2025-12-22,0.000000,0.528061,-0.452219
2025-12-23,0.000000,0.599441,-0.232779
2025-12-24,0.000000,0.631426,-0.334905
2025-12-25,0.000000,1.030714,0.008710
2025-12-26,0.000000,0.926116,-1.923595
2025-12-27,0.000000,0.737476,-1.499170
2025-12-28,0.000000,0.764726,-1.708097
2025-12-29,0.000000,0.516350,-0.708717
2025-12-30,0.000000,0.562343,-1.017003
2025-12-31,0.000000,0.732157,-0.021785
2026-01-01,0.000000,0.575038,-0.133217
2026-01-02,0.166667,1.371940,-1.341955
2026-01-03,0.000000,0.961519,-1.375220
2026-01-04,0.000000,1.031548,-2.349667
2026-01-05,0.250000,1.891072,1.108690
2026-01-06,0.000000,1.267213,-0.978294
2026-01-07,0.000000,1.140361,-0.120038
2026-01-08,0.250000,1.435917,0.248027
2026-01-09,0.000000,0.512998,0.028548
2026-01-10,0.250000,1.370499,0.838117
2026-01-11,0.000000,1.177245,-0.004284
2026-01-12,0.000000,1.199035,-0.903498
2026-01-13,0.000000,0.854766,0.177165
2026-01-14,0.000000,0.482155,0.242757
2026-01-15,0.000000,0.484940,-0.540989
2026-01-16,0.000000,1.183662,-1.161395
2026-01-17,0.083333,1.098288,-0.817730
2026-01-18,0.000000,0.838174,-0.584891
2026-01-19,0.000000,0.598633,-0.609803
2026-01-20,0.000000,0.698189,-1.116853
2026-01-21,0.000000,0.497765,0.559068
2026-01-22,0.000000,0.543303,-0.531165
2026-01-23,0.083333,1.299409,0.331753
2026-01-24,0.083333,1.275492,0.304443
2026-01-25,0.083333,1.296347,-2.658047
2026-01-26,0.000000,0.841007,-1.926907
2026-01-27,0.000000,0.616430,-1.092580
2026-01-28,0.000000,0.877802,-1.379497
2026-01-29,0.083333,1.215288,-2.656950
2026-01-30,0.000000,0.848926,-2.007787
2026-01-31,0.000000,0.934967,-2.312372
2026-02-01,0.000000,0.664104,-1.374456
2026-02-02,0.083333,1.279331,-1.067090
2026-02-03,0.000000,0.651938,-0.422419
2026-02-04,0.000000,0.785087,-0.541959
2026-02-05,0.000000,0.815522,0.393521
2026-02-06,0.166667,1.278775,-2.010612
2026-02-07,0.166667,1.185866,-2.364755
2026-02-08,0.000000,1.086452,-2.299725
2026-02-09,0.000000,0.868068,-1.839326
2026-02-10,0.000000,1.007482,-1.972764
2026-02-11,0.000000,1.034769,0.242155
2026-02-12,0.083333,1.170095,0.513241
2026-02-13,0.000000,1.141773,0.567717
2026-02-14,0.000000,1.140513,0.125073
2026-02-15,0.333333,1.891265,2.035274
2026-02-16,0.250000,1.470290,1.123757
2026-02-17,0.000000,1.153637,1.157780
2026-02-18,0.000000,1.098778,1.032766
2026-02-19,0.000000,0.729737,0.843651
2026-02-20,0.000000,0.638340,0.868077
2026-02-21,0.083333,1.155784,1.961877
2026-02-22,0.333333,1.825898,3.327840
2026-02-23,0.000000,0.707126,-0.351910
2026-02-24,0.000000,1.049481,-0.951379
2026-02-25,0.083333,1.470213,2.649645
2026-02-26,0.083333,1.290238,2.594044
2026-02-27,0.000000,0.771303,0.950187
2026-02-28,0.083333,1.285485,1.919037
2026-03-01,0.416667,1.870801,2.921785
2026-03-02,0.250000,1.995946,-1.525731
2026-03-03,0.083333,1.123263,-0.099082
2026-03-04,0.416667,1.909224,2.892936
2026-03-05,0.250000,1.347747,1.341342
2026-03-06,0.333333,2.184450,2.233134
2026-03-07,0.333333,1.549721,3.097987
2026-03-08,0.166667,1.498140,2.306013
2026-03-09,0.250000,1.312010,1.726231
2026-03-10,0.416667,2.186153,3.451168
2026-03-11,0.500000,2.264448,3.473154
2026-03-12,0.250000,1.465256,2.378966
2026-03-13,0.333333,1.646370,2.742867
2026-03-14,0.333333,1.604961,2.108402
2026-03-15,0.333333,1.566882,1.578166
2026-03-16,0.416667,2.146011,1.014964
2026-03-17,0.416667,2.130103,1.330696
2026-03-18,0.083333,1.216104,0.965697
2026-03-19,0.333333,1.749470,2.608949
2026-03-20,0.333333,1.511193,1.982773
2026-03-21,0.333333,1.653030,2.591047
2026-03-22,0.333333,1.995431,2.386621
2026-03-23,0.250000,1.580416,2.264147
2026-03-24,0.166667,1.636538,1.882008
2026-03-25,0.000000,1.270685,1.042622
2026-03-26,0.166667,1.314135,1.740620
2026-03-27,0.250000,1.469935,2.251316
2026-03-28,0.083333,1.304614,1.908955
2026-03-29,0.000000,1.214139,1.397705
2026-03-30,0.083333,1.378203,0.828930
2026-03-31,0.000000,1.243158,1.140908
2026-04-01,0.083333,1.356014,0.548861
2026-04-02,0.083333,1.445990,-0.011500
2026-04-03,0.333333,1.814401,-0.748970
2026-04-04,0.333333,1.707786,1.218831
2026-04-05,0.500000,2.049608,2.372061
2026-04-06,0.416667,1.898280,2.147740
2026-04-07,0.250000,1.573634,1.735191
2026-04-08,0.333333,2.701622,5.776782
2026-04-09,0.250000,1.818636,4.145244
2026-04-10,0.333333,1.710348,4.310445
2026-04-11,0.083333,1.383039,2.968668
2026-04-12,0.083333,1.199431,2.428487
2026-04-13,0.083333,1.086539,2.175176
2026-04-14,0.083333,1.335611,-0.933770
2026-04-15,0.083333,1.333371,-0.880206
2026-04-16,0.083333,1.353556,-0.909396
2026-04-17,0.083333,1.226406,-0.421301
2026-04-18,0.000000,1.090390,-0.893956
2026-04-19,0.250000,1.851612,-0.591097
2026-04-20,0.250000,1.656127,-0.602411
2026-04-21,0.250000,1.639368,-0.579031
2026-04-22,0.083333,1.385547,-0.911464
2026-04-23,0.083333,1.306404,-1.195672
2026-04-24,0.083333,1.242660,-1.096074
2026-04-25,0.083333,1.189590,-1.191308
2026-04-26,0.000000,0.952736,-0.862139
2026-04-27,0.000000,0.926161,-0.906759
2026-04-28,0.000000,0.971712,-0.954190
2026-04-29,0.166667,1.363507,-0.147315
2026-04-30,0.000000,1.125208,-0.853525
2026-05-01,0.000000,1.072530,-0.645527
2026-05-02,0.000000,0.998702,-1.135650
2026-05-03,0.000000,0.930182,-1.075026
2026-05-04,0.000000,0.906498,-0.818795
2026-05-05,0.000000,0.805032,-1.176381
2026-05-06,0.000000,0.815602,-1.133574
2026-05-07,0.000000,0.807509,-1.218280
2026-05-08,0.000000,0.680115,0.462735
2026-05-09,0.000000,0.581955,0.312901
2026-05-10,0.000000,0.980961,1.126628
2026-05-11,0.000000,0.706380,1.153539
2026-05-12,0.000000,0.645841,1.546849
2026-05-13,0.000000,0.504549,0.890820
2026-05-14,0.000000,0.700474,0.069827
2026-05-15,0.000000,0.696404,-1.279401
2026-05-16,0.000000,0.660642,-1.088968
2026-05-17,0.083333,0.763911,-0.739721
