date,n_unb,K,F,n_edges
2021-06-15,,,,
2021-06-16,0.0,1.0,0.0,48.0
2021-06-17,25.0,0.912678,16.0,275.0
2021-06-18,46.0,0.606482,34.0,260.0
2021-06-19,41.0,0.635305,34.0,267.0
2021-06-20,50.0,0.672734,31.0,271.0
2021-06-21,66.0,0.599202,38.0,250.0
2021-06-22,47.0,0.733964,29.0,236.0
2021-06-23,48.0,0.797532,23.0,216.0
2021-06-24,55.0,0.793581,20.0,224.0
2021-06-25,62.0,0.775194,23.0,225.0
2021-06-26,52.0,0.730106,23.0,237.0
2021-06-27,65.0,0.673281,32.0,261.0
2021-06-28,57.0,0.762238,28.0,242.0
2021-06-29,57.0,0.774475,29.0,241.0
2021-06-30,62.0,0.774936,30.0,245.0
2021-07-01,43.0,0.789624,29.0,242.0
2021-07-02,61.0,0.784109,29.0,238.0
2021-07-03,35.0,0.798061,24.0,237.0
2021-07-04,23.0,0.806783,28.0,242.0
2021-07-05,22.0,0.806083,27.0,236.0
2021-07-06,28.0,0.845313,19.0,227.0
2021-07-07,33.0,0.903999,18.0,222.0
2021-07-08,21.0,0.918099,16.0,219.0
2021-07-09,15.0,0.896976,16.0,243.0
2021-07-10,23.0,0.861265,18.0,252.0
2021-07-11,45.0,0.83421,20.0,263.0
2021-07-12,37.0,0.846781,22.0,261.0
2021-07-13,47.0,0.857811,19.0,255.0
2021-07-14,58.0,0.799719,21.0,270.0
2021-07-15,45.0,0.788508,27.0,269.0
2021-07-16,48.0,0.804803,24.0,266.0
2021-07-17,51.0,0.817286,24.0,284.0
2021-07-18,42.0,0.805651,26.0,262.0
2021-07-19,31.0,0.9754,15.0,274.0
2021-07-20,30.0,0.97572,19.0,281.0
2021-07-21,10.0,0.982632,12.0,280.0
2021-07-22,17.0,0.985828,12.0,274.0
2021-07-23,18.0,0.983099,15.0,274.0
2021-07-24,12.0,0.984532,14.0,272.0
2021-07-25,22.0,0.987677,12.0,280.0
2021-07-26,17.0,0.991549,9.0,270.0
2021-07-27,23.0,0.99475,9.0,262.0
2021-07-28,28.0,0.99061,13.0,260.0
2021-07-29,27.0,0.981154,15.0,267.0
2021-07-30,27.0,0.98065,16.0,269.0
2021-07-31,26.0,0.971102,16.0,287.0
2021-08-01,29.0,0.974178,16.0,292.0
2021-08-02,20.0,0.978535,15.0,287.0
2021-08-03,28.0,0.979443,17.0,272.0
2021-08-04,19.0,0.980423,19.0,269.0
2021-08-05,17.0,0.980336,18.0,271.0
2021-08-06,14.0,0.988142,13.0,261.0
2021-08-07,17.0,0.992473,13.0,255.0
2021-08-08,11.0,0.980557,12.0,251.0
2021-08-09,25.0,0.971355,15.0,249.0
2021-08-10,23.0,0.976703,15.0,242.0
2021-08-11,28.0,0.973972,16.0,249.0
2021-08-12,17.0,0.967351,16.0,250.0
2021-08-13,23.0,0.938099,23.0,257.0
2021-08-14,18.0,0.967439,16.0,249.0
2021-08-15,33.0,0.95335,22.0,250.0
2021-08-16,22.0,0.952001,22.0,256.0
2021-08-17,19.0,0.963993,19.0,257.0
2021-08-18,43.0,0.922011,24.0,242.0
2021-08-19,50.0,0.84068,24.0,249.0
2021-08-20,28.0,0.873599,24.0,202.0
2021-08-21,48.0,0.855691,27.0,214.0
2021-08-22,44.0,0.745533,35.0,224.0
2021-08-23,39.0,0.784475,29.0,224.0
2021-08-24,39.0,0.758226,27.0,230.0
2021-08-25,29.0,0.803541,22.0,233.0
2021-08-26,35.0,0.723154,27.0,239.0
2021-08-27,33.0,0.718982,33.0,254.0
2021-08-28,51.0,0.714717,32.0,265.0
2021-08-29,56.0,0.708827,36.0,258.0
2021-08-30,51.0,0.739256,28.0,254.0
2021-08-31,53.0,0.746332,29.0,248.0
2021-09-01,45.0,0.75994,27.0,247.0
2021-09-02,46.0,0.695612,34.0,262.0
2021-09-03,42.0,0.720908,34.0,267.0
2021-09-04,44.0,0.705122,34.0,271.0
2021-09-05,55.0,0.728652,30.0,282.0
2021-09-06,54.0,0.743477,29.0,274.0
2021-09-07,50.0,0.756024,30.0,276.0
2021-09-08,26.0,0.752593,30.0,265.0
2021-09-09,35.0,0.774268,29.0,265.0
2021-09-10,61.0,0.716739,35.0,263.0
2021-09-11,50.0,0.706356,36.0,270.0
2021-09-12,52.0,0.687138,35.0,284.0
2021-09-13,44.0,0.724317,34.0,273.0
2021-09-14,39.0,0.737084,34.0,268.0
2021-09-15,49.0,0.771872,35.0,258.0
2021-09-16,34.0,0.762719,33.0,259.0
2021-09-17,35.0,0.621024,39.0,294.0
2021-09-18,36.0,0.613334,34.0,298.0
2021-09-19,28.0,0.713009,22.0,289.0
2021-09-20,42.0,0.891028,14.0,358.0
2021-09-21,41.0,0.924395,9.0,337.0
2021-09-22,36.0,0.961494,7.0,328.0
2021-09-23,13.0,0.974175,8.0,282.0
2021-09-24,17.0,0.949056,14.0,279.0
2021-09-25,15.0,0.945658,10.0,290.0
2021-09-26,13.0,0.938629,8.0,306.0
2021-09-27,14.0,0.936591,9.0,288.0
2021-09-28,13.0,0.939565,11.0,280.0
2021-09-29,54.0,0.935657,14.0,264.0
2021-09-30,52.0,0.934307,12.0,267.0
2021-10-01,58.0,0.940331,14.0,262.0
2021-10-02,51.0,0.94041,15.0,272.0
2021-10-03,46.0,0.941827,18.0,277.0
2021-10-04,22.0,0.940086,18.0,247.0
2021-10-05,39.0,0.962533,10.0,262.0
2021-10-06,52.0,0.944109,13.0,256.0
2021-10-07,18.0,0.951649,12.0,263.0
2021-10-08,22.0,0.948236,16.0,258.0
2021-10-09,24.0,0.948602,16.0,260.0
2021-10-10,31.0,0.946896,16.0,283.0
2021-10-11,21.0,0.954672,14.0,274.0
2021-10-12,19.0,0.959364,15.0,270.0
2021-10-13,21.0,0.965836,16.0,266.0
2021-10-14,22.0,0.950952,21.0,282.0
2021-10-15,22.0,0.919362,19.0,295.0
2021-10-16,20.0,0.930351,17.0,305.0
2021-10-17,13.0,0.941844,18.0,284.0
2021-10-18,25.0,0.924005,19.0,283.0
2021-10-19,24.0,0.93394,16.0,277.0
2021-10-20,31.0,0.897663,25.0,237.0
2021-10-21,22.0,0.922674,25.0,229.0
2021-10-22,34.0,0.936645,25.0,209.0
2021-10-23,42.0,0.877827,30.0,227.0
2021-10-24,37.0,0.905352,25.0,228.0
2021-10-25,20.0,0.922981,24.0,226.0
2021-10-26,20.0,0.954467,18.0,205.0
2021-10-27,22.0,0.919315,19.0,204.0
2021-10-28,22.0,0.864857,20.0,200.0
2021-10-29,32.0,0.84332,23.0,211.0
2021-10-30,20.0,0.863602,24.0,202.0
2021-10-31,25.0,0.853271,26.0,218.0
2021-11-01,29.0,0.810124,26.0,222.0
2021-11-02,24.0,0.807123,27.0,218.0
2021-11-03,29.0,0.802627,25.0,219.0
2021-11-04,41.0,0.871431,14.0,203.0
2021-11-05,36.0,0.892769,14.0,197.0
2021-11-06,38.0,0.832233,22.0,208.0
2021-11-07,31.0,0.847903,19.0,205.0
2021-11-08,38.0,0.838974,21.0,210.0
2021-11-09,37.0,0.855759,19.0,199.0
2021-11-10,22.0,0.892025,19.0,184.0
2021-11-11,20.0,0.877368,17.0,188.0
2021-11-12,24.0,0.907861,14.0,183.0
2021-11-13,38.0,0.867964,16.0,201.0
2021-11-14,30.0,0.889517,19.0,214.0
2021-11-15,37.0,0.868031,20.0,207.0
2021-11-16,22.0,0.880677,21.0,196.0
2021-11-17,33.0,0.87795,14.0,179.0
2021-11-18,32.0,0.85803,18.0,177.0
2021-11-19,33.0,0.864522,12.0,174.0
2021-11-20,40.0,0.813206,20.0,188.0
2021-11-21,31.0,0.844126,17.0,194.0
2021-11-22,36.0,0.819581,21.0,195.0
2021-11-23,17.0,0.824264,20.0,187.0
2021-11-24,14.0,0.852426,15.0,174.0
2021-11-25,23.0,0.854673,18.0,183.0
2021-11-26,16.0,0.966676,12.0,254.0
2021-11-27,18.0,0.966779,10.0,250.0
2021-11-28,17.0,0.977652,9.0,254.0
2021-11-29,11.0,0.967662,11.0,253.0
2021-11-30,13.0,0.974502,11.0,253.0
2021-12-01,15.0,0.995711,9.0,229.0
2021-12-02,12.0,0.995617,9.0,225.0
2021-12-03,11.0,0.991504,10.0,237.0
2021-12-04,10.0,0.995216,9.0,233.0
2021-12-05,16.0,0.990939,11.0,240.0
2021-12-06,13.0,0.988926,11.0,262.0
2021-12-07,16.0,0.990961,12.0,268.0
2021-12-08,16.0,0.991365,12.0,272.0
2021-12-09,23.0,0.993018,11.0,281.0
2021-12-10,28.0,0.994091,13.0,286.0
2021-12-11,18.0,0.99456,13.0,281.0
2021-12-12,23.0,0.99142,14.0,281.0
2021-12-13,17.0,0.992573,14.0,275.0
2021-12-14,20.0,0.989151,16.0,277.0
2021-12-15,16.0,0.98942,16.0,278.0
2021-12-16,25.0,0.981923,18.0,277.0
2021-12-17,24.0,0.9872,16.0,290.0
2021-12-18,19.0,0.987739,15.0,292.0
2021-12-19,49.0,0.984204,17.0,295.0
2021-12-20,22.0,0.978772,20.0,297.0
2021-12-21,16.0,0.986391,16.0,320.0
2021-12-22,18.0,0.98681,11.0,328.0
2021-12-23,13.0,0.986749,10.0,343.0
2021-12-24,11.0,0.989285,9.0,353.0
2021-12-25,11.0,0.988136,9.0,358.0
2021-12-26,25.0,0.966948,14.0,306.0
2021-12-27,27.0,0.960955,15.0,305.0
2021-12-28,23.0,0.966381,16.0,302.0
2021-12-29,23.0,0.932291,16.0,315.0
2021-12-30,40.0,0.909907,20.0,313.0
2021-12-31,23.0,0.88459,23.0,342.0
2022-01-01,40.0,0.89585,24.0,346.0
2022-01-02,39.0,0.87826,26.0,345.0
2022-01-03,71.0,0.911834,21.0,327.0
2022-01-04,47.0,0.915807,21.0,317.0
2022-01-05,57.0,0.838748,30.0,322.0
2022-01-06,38.0,0.803813,28.0,292.0
2022-01-07,37.0,0.807374,27.0,286.0
2022-01-08,37.0,0.752706,27.0,294.0
2022-01-09,46.0,0.727922,30.0,306.0
2022-01-10,52.0,0.778018,27.0,294.0
2022-01-11,63.0,0.854858,29.0,281.0
2022-01-12,24.0,0.87025,19.0,271.0
2022-01-13,58.0,0.918223,28.0,266.0
2022-01-14,49.0,0.917731,26.0,274.0
2022-01-15,43.0,0.939379,21.0,286.0
2022-01-16,46.0,0.913037,25.0,293.0
2022-01-17,47.0,0.923027,25.0,288.0
2022-01-18,62.0,0.940043,18.0,278.0
2022-01-19,39.0,0.931456,17.0,283.0
2022-01-20,28.0,0.939467,17.0,219.0
2022-01-21,23.0,0.955033,18.0,216.0
2022-01-22,24.0,0.945355,17.0,218.0
2022-01-23,20.0,0.912954,21.0,233.0
2022-01-24,23.0,0.908255,31.0,225.0
2022-01-25,20.0,0.947256,21.0,215.0
2022-01-26,14.0,0.949431,18.0,213.0
2022-01-27,25.0,0.925144,27.0,206.0
2022-01-28,37.0,0.920024,20.0,215.0
2022-01-29,22.0,0.91445,18.0,220.0
2022-01-30,27.0,0.890995,21.0,230.0
2022-01-31,29.0,0.946906,14.0,231.0
2022-02-01,21.0,0.969945,14.0,215.0
2022-02-02,11.0,0.970519,26.0,208.0
2022-02-03,33.0,0.94525,18.0,212.0
2022-02-04,64.0,0.87462,30.0,229.0
2022-02-05,63.0,0.874499,26.0,232.0
2022-02-06,64.0,0.846863,30.0,246.0
2022-02-07,57.0,0.869108,28.0,236.0
2022-02-08,52.0,0.925954,21.0,219.0
2022-02-09,58.0,0.895684,24.0,233.0
2022-02-10,60.0,0.892271,23.0,228.0
2022-02-11,52.0,0.956363,18.0,203.0
2022-02-12,48.0,0.965766,14.0,212.0
2022-02-13,45.0,0.952849,15.0,222.0
2022-02-14,50.0,0.963843,14.0,213.0
2022-02-15,51.0,0.964741,13.0,205.0
2022-02-16,44.0,0.964526,13.0,200.0
2022-02-17,35.0,0.963337,15.0,195.0
2022-02-18,16.0,0.951558,16.0,213.0
2022-02-19,17.0,0.95524,15.0,218.0
2022-02-20,27.0,0.944874,26.0,218.0
2022-02-21,26.0,0.94732,23.0,214.0
2022-02-22,28.0,0.955621,18.0,207.0
2022-02-23,14.0,0.942049,17.0,215.0
2022-02-24,19.0,0.929479,20.0,213.0
2022-02-25,36.0,0.906769,21.0,261.0
2022-02-26,74.0,0.915034,17.0,274.0
2022-02-27,19.0,0.93121,15.0,260.0
2022-02-28,28.0,0.933334,16.0,243.0
2022-03-01,54.0,0.89985,16.0,285.0
2022-03-02,58.0,0.872885,20.0,290.0
2022-03-03,60.0,0.910813,16.0,296.0
2022-03-04,19.0,0.940804,14.0,310.0
2022-03-05,46.0,0.936162,14.0,335.0
2022-03-06,36.0,0.919343,9.0,362.0
2022-03-07,28.0,0.944072,17.0,314.0
2022-03-08,27.0,0.956373,15.0,305.0
2022-03-09,15.0,0.964697,12.0,377.0
2022-03-10,10.0,0.975891,11.0,352.0
2022-03-11,35.0,0.972077,11.0,359.0
2022-03-12,12.0,0.971374,11.0,374.0
2022-03-13,23.0,0.931476,17.0,386.0
2022-03-14,7.0,0.953122,14.0,359.0
2022-03-15,7.0,0.958963,12.0,365.0
2022-03-16,10.0,0.966812,13.0,360.0
2022-03-17,14.0,0.941341,20.0,356.0
2022-03-18,15.0,0.942601,17.0,340.0
2022-03-19,13.0,0.915408,17.0,350.0
2022-03-20,78.0,0.914881,18.0,347.0
2022-03-21,74.0,0.925929,18.0,340.0
2022-03-22,12.0,0.933817,18.0,335.0
2022-03-23,7.0,0.961566,14.0,323.0
2022-03-24,7.0,0.966474,14.0,318.0
2022-03-25,9.0,0.95935,15.0,323.0
2022-03-26,9.0,0.945589,16.0,340.0
2022-03-27,10.0,0.918114,19.0,338.0
2022-03-28,9.0,0.92581,18.0,337.0
2022-03-29,9.0,0.924325,19.0,337.0
2022-03-30,9.0,0.95783,16.0,337.0
2022-03-31,37.0,0.968844,21.0,312.0
2022-04-01,41.0,0.939858,20.0,324.0
2022-04-02,41.0,0.943127,17.0,322.0
2022-04-03,44.0,0.946406,24.0,302.0
2022-04-04,40.0,0.942823,23.0,295.0
2022-04-05,33.0,0.943737,19.0,303.0
2022-04-06,26.0,0.981222,8.0,262.0
2022-04-07,35.0,0.975135,10.0,277.0
2022-04-08,28.0,0.939716,19.0,256.0
2022-04-09,39.0,0.930727,23.0,271.0
2022-04-10,29.0,0.919144,28.0,280.0
2022-04-11,27.0,0.935883,26.0,283.0
2022-04-12,18.0,0.93632,25.0,280.0
2022-04-13,25.0,0.952521,21.0,274.0
2022-04-14,12.0,0.980905,15.0,266.0
2022-04-15,20.0,0.961451,19.0,261.0
2022-04-16,28.0,0.973227,23.0,253.0
2022-04-17,40.0,0.972969,23.0,256.0
2022-04-18,34.0,0.976553,22.0,252.0
2022-04-19,47.0,0.987215,18.0,241.0
2022-04-20,31.0,0.975245,22.0,237.0
2022-04-21,52.0,0.969476,19.0,256.0
2022-04-22,50.0,0.983277,18.0,237.0
2022-04-23,62.0,0.967189,23.0,255.0
2022-04-24,71.0,0.967395,23.0,261.0
2022-04-25,31.0,0.913965,24.0,271.0
2022-04-26,18.0,0.96064,22.0,240.0
2022-04-27,45.0,0.974579,23.0,226.0
2022-04-28,42.0,0.947297,19.0,232.0
2022-04-29,41.0,0.974006,18.0,213.0
2022-04-30,40.0,0.976173,10.0,211.0
2022-05-01,40.0,0.969189,14.0,219.0
2022-05-02,17.0,0.988119,12.0,196.0
2022-05-03,15.0,0.989235,9.0,194.0
2022-05-04,20.0,0.991114,14.0,197.0
2022-05-05,8.0,0.988132,9.0,231.0
2022-05-06,7.0,0.983658,9.0,236.0
2022-05-07,9.0,0.9821,9.0,237.0
2022-05-08,13.0,0.980359,9.0,240.0
2022-05-09,20.0,0.956805,17.0,267.0
2022-05-10,24.0,0.979475,16.0,243.0
2022-05-11,23.0,0.989653,11.0,229.0
2022-05-12,15.0,0.992817,7.0,227.0
2022-05-13,21.0,0.969261,15.0,235.0
2022-05-14,23.0,0.969101,15.0,233.0
2022-05-15,22.0,0.969549,14.0,232.0
2022-05-16,22.0,0.966885,13.0,235.0
2022-05-17,19.0,0.97602,8.0,237.0
2022-05-18,18.0,0.952959,25.0,264.0
2022-05-19,24.0,0.958521,26.0,259.0
2022-05-20,23.0,0.945047,22.0,263.0
2022-05-21,23.0,0.93515,23.0,267.0
2022-05-22,28.0,0.958741,20.0,259.0
2022-05-23,20.0,0.94684,21.0,260.0
2022-05-24,25.0,0.930742,21.0,269.0
2022-05-25,22.0,0.971784,12.0,266.0
2022-05-26,27.0,0.948336,9.0,315.0
2022-05-27,43.0,0.963967,11.0,307.0
2022-05-28,21.0,0.955908,13.0,300.0
2022-05-29,30.0,0.939817,13.0,321.0
2022-05-30,22.0,0.938054,14.0,313.0
2022-05-31,18.0,0.944753,11.0,304.0
2022-06-01,16.0,0.950909,11.0,309.0
2022-06-02,16.0,0.958746,12.0,304.0
2022-06-03,25.0,0.93335,14.0,316.0
2022-06-04,14.0,0.928683,12.0,341.0
2022-06-05,8.0,0.965093,7.0,369.0
2022-06-06,5.0,0.969605,6.0,359.0
2022-06-07,7.0,0.970125,7.0,363.0
2022-06-08,35.0,0.949704,11.0,340.0
2022-06-09,30.0,0.961694,8.0,334.0
2022-06-10,21.0,0.946353,9.0,304.0
2022-06-11,16.0,0.932355,11.0,322.0
2022-06-12,22.0,0.883415,14.0,277.0
2022-06-13,8.0,0.991718,6.0,277.0
2022-06-14,20.0,0.978092,5.0,279.0
2022-06-15,5.0,0.990624,5.0,262.0
2022-06-16,18.0,0.988668,10.0,257.0
2022-06-17,7.0,0.990471,7.0,248.0
2022-06-18,33.0,0.984045,13.0,278.0
2022-06-19,30.0,0.990164,13.0,270.0
2022-06-20,29.0,0.991746,11.0,262.0
2022-06-21,34.0,0.996499,9.0,264.0
2022-06-22,46.0,0.996649,12.0,267.0
2022-06-23,57.0,0.994856,12.0,269.0
2022-06-24,54.0,0.996675,12.0,271.0
2022-06-25,43.0,0.995366,12.0,276.0
2022-06-26,40.0,0.995997,13.0,272.0
2022-06-27,49.0,0.994932,13.0,266.0
2022-06-28,46.0,0.993557,14.0,266.0
2022-06-29,44.0,0.994305,13.0,259.0
2022-06-30,15.0,0.994703,14.0,267.0
2022-07-01,14.0,0.995518,14.0,257.0
2022-07-02,55.0,0.990213,13.0,254.0
2022-07-03,57.0,0.987929,15.0,269.0
2022-07-04,56.0,0.989,15.0,265.0
2022-07-05,52.0,0.967725,18.0,269.0
2022-07-06,59.0,0.96799,18.0,259.0
2022-07-07,50.0,0.97373,14.0,263.0
2022-07-08,40.0,0.979142,14.0,260.0
2022-07-09,45.0,0.969418,15.0,267.0
2022-07-10,38.0,0.946882,22.0,271.0
2022-07-11,37.0,0.956122,22.0,264.0
2022-07-12,30.0,0.974837,20.0,265.0
2022-07-13,59.0,0.955858,16.0,277.0
2022-07-14,54.0,0.960359,11.0,268.0
2022-07-15,11.0,0.981309,11.0,270.0
2022-07-16,12.0,0.971919,13.0,241.0
2022-07-17,34.0,0.944936,16.0,258.0
2022-07-18,42.0,0.949906,13.0,261.0
2022-07-19,18.0,0.972661,10.0,270.0
2022-07-20,20.0,0.939161,14.0,280.0
2022-07-21,47.0,0.921272,17.0,268.0
2022-07-22,21.0,0.94955,13.0,251.0
2022-07-23,10.0,0.944115,17.0,264.0
2022-07-24,15.0,0.928815,16.0,244.0
2022-07-25,16.0,0.936272,15.0,232.0
2022-07-26,15.0,0.942734,12.0,232.0
2022-07-27,18.0,0.949586,16.0,255.0
2022-07-28,30.0,0.921826,16.0,258.0
2022-07-29,28.0,0.907821,19.0,260.0
2022-07-30,44.0,0.889245,20.0,248.0
2022-07-31,34.0,0.849428,23.0,264.0
2022-08-01,37.0,0.869003,26.0,264.0
2022-08-02,26.0,0.889296,21.0,249.0
2022-08-03,34.0,0.8459,29.0,256.0
2022-08-04,30.0,0.883911,29.0,271.0
2022-08-05,35.0,0.925668,27.0,241.0
2022-08-06,39.0,0.915085,26.0,237.0
2022-08-07,51.0,0.866831,29.0,257.0
2022-08-08,39.0,0.91947,20.0,245.0
2022-08-09,38.0,0.919089,21.0,247.0
2022-08-10,30.0,0.897846,24.0,250.0
2022-08-11,22.0,0.92718,19.0,262.0
2022-08-12,55.0,0.91834,19.0,271.0
2022-08-13,63.0,0.916278,18.0,294.0
2022-08-14,30.0,0.923927,17.0,288.0
2022-08-15,25.0,0.930032,16.0,286.0
2022-08-16,54.0,0.925011,16.0,272.0
2022-08-17,51.0,0.986053,6.0,243.0
2022-08-18,46.0,0.962052,9.0,260.0
2022-08-19,24.0,0.981292,5.0,251.0
2022-08-20,14.0,0.972659,9.0,248.0
2022-08-21,9.0,0.98189,6.0,260.0
2022-08-22,9.0,0.983686,9.0,255.0
2022-08-23,10.0,0.986712,10.0,250.0
2022-08-24,39.0,0.986586,11.0,245.0
2022-08-25,7.0,0.989176,10.0,249.0
2022-08-26,16.0,0.988827,11.0,246.0
2022-08-27,19.0,0.990022,6.0,252.0
2022-08-28,58.0,0.982313,9.0,275.0
2022-08-29,34.0,0.985679,8.0,272.0
2022-08-30,37.0,0.992148,12.0,252.0
2022-08-31,22.0,0.989082,14.0,263.0
2022-09-01,24.0,0.987465,16.0,257.0
2022-09-02,20.0,0.983691,11.0,244.0
2022-09-03,25.0,0.978627,12.0,249.0
2022-09-04,25.0,0.982717,13.0,249.0
2022-09-05,24.0,0.982198,13.0,248.0
2022-09-06,31.0,0.979007,13.0,241.0
2022-09-07,26.0,0.984908,18.0,244.0
2022-09-08,20.0,0.990998,17.0,238.0
2022-09-09,37.0,0.990235,12.0,243.0
2022-09-10,9.0,0.993939,7.0,244.0
2022-09-11,9.0,0.99121,8.0,239.0
2022-09-12,30.0,0.970333,12.0,255.0
2022-09-13,41.0,0.988677,15.0,255.0
2022-09-14,26.0,0.98343,12.0,261.0
2022-09-15,18.0,0.980196,16.0,258.0
2022-09-16,11.0,0.959515,15.0,265.0
2022-09-17,10.0,0.95265,16.0,271.0
2022-09-18,46.0,0.920414,25.0,273.0
2022-09-19,45.0,0.92235,24.0,271.0
2022-09-20,23.0,0.924008,23.0,272.0
2022-09-21,18.0,0.943793,15.0,260.0
2022-09-22,28.0,0.903811,21.0,265.0
2022-09-23,24.0,0.927157,19.0,278.0
2022-09-24,37.0,0.927129,19.0,274.0
2022-09-25,18.0,0.906356,24.0,283.0
2022-09-26,17.0,0.919521,15.0,292.0
2022-09-27,15.0,0.938203,15.0,275.0
2022-09-28,21.0,0.95616,11.0,303.0
2022-09-29,16.0,0.931795,18.0,301.0
2022-09-30,33.0,0.916293,20.0,303.0
2022-10-01,16.0,0.930938,19.0,309.0
2022-10-02,20.0,0.877981,27.0,342.0
2022-10-03,27.0,0.913376,32.0,337.0
2022-10-04,17.0,0.906382,18.0,353.0
2022-10-05,13.0,0.941503,12.0,343.0
2022-10-06,9.0,0.961584,9.0,338.0
2022-10-07,2.0,0.993119,2.0,355.0
2022-10-08,2.0,0.99286,2.0,356.0
2022-10-09,18.0,0.974779,6.0,352.0
2022-10-10,17.0,0.971183,7.0,347.0
2022-10-11,15.0,0.983295,5.0,333.0
2022-10-12,19.0,0.979135,10.0,319.0
2022-10-13,8.0,0.981071,5.0,345.0
2022-10-14,2.0,0.994055,2.0,332.0
2022-10-15,0.0,1.0,0.0,334.0
2022-10-16,0.0,1.0,0.0,338.0
2022-10-17,0.0,1.0,0.0,332.0
2022-10-18,0.0,1.0,0.0,330.0
2022-10-19,0.0,1.0,0.0,325.0
2022-10-20,1.0,0.997635,1.0,321.0
2022-10-21,3.0,0.994357,3.0,313.0
2022-10-22,3.0,0.993925,3.0,321.0
2022-10-23,13.0,0.989695,3.0,314.0
2022-10-24,1.0,0.997504,1.0,310.0
2022-10-25,3.0,0.98582,3.0,310.0
2022-10-26,24.0,0.975004,9.0,273.0
2022-10-27,15.0,0.94841,11.0,273.0
2022-10-28,43.0,0.917386,14.0,255.0
2022-10-29,32.0,0.912525,15.0,246.0
2022-10-30,34.0,0.884527,15.0,261.0
2022-10-31,11.0,0.914877,15.0,252.0
2022-11-01,52.0,0.914841,15.0,250.0
2022-11-02,40.0,0.911148,12.0,254.0
2022-11-03,32.0,0.930854,16.0,233.0
2022-11-04,31.0,0.899611,22.0,260.0
2022-11-05,32.0,0.90295,22.0,257.0
2022-11-06,36.0,0.893936,16.0,270.0
2022-11-07,23.0,0.968152,7.0,245.0
2022-11-08,4.0,0.966847,4.0,234.0
2022-11-09,34.0,0.96595,6.0,239.0
2022-11-10,1.0,0.990124,1.0,330.0
2022-11-11,1.0,0.998171,1.0,293.0
2022-11-12,2.0,0.984857,2.0,313.0
2022-11-13,2.0,0.997016,1.0,293.0
2022-11-14,1.0,0.998765,1.0,280.0
2022-11-15,1.0,0.998744,1.0,277.0
2022-11-16,13.0,0.994744,2.0,270.0
2022-11-17,49.0,0.991883,3.0,286.0
2022-11-18,51.0,0.991284,3.0,283.0
2022-11-19,34.0,0.991047,3.0,290.0
2022-11-20,40.0,0.990855,3.0,303.0
2022-11-21,40.0,0.990694,3.0,297.0
2022-11-22,41.0,0.991301,3.0,296.0
2022-11-23,35.0,0.995415,2.0,291.0
2022-11-24,23.0,0.995658,2.0,274.0
2022-11-25,31.0,0.994952,2.0,296.0
2022-11-26,33.0,0.995169,2.0,301.0
2022-11-27,1.0,0.997761,1.0,325.0
2022-11-28,3.0,0.996949,3.0,310.0
2022-11-29,1.0,0.998126,1.0,308.0
2022-11-30,2.0,0.999081,1.0,327.0
2022-12-01,3.0,0.998647,1.0,331.0
2022-12-02,19.0,0.999238,1.0,324.0
2022-12-03,1.0,0.998875,1.0,331.0
2022-12-04,53.0,0.949607,13.0,326.0
2022-12-05,50.0,0.962145,10.0,334.0
2022-12-06,66.0,0.974005,10.0,327.0
2022-12-07,14.0,0.97668,11.0,327.0
2022-12-08,28.0,0.980099,12.0,330.0
2022-12-09,24.0,0.963561,14.0,340.0
2022-12-10,13.0,0.958544,7.0,281.0
2022-12-11,21.0,0.983496,8.0,261.0
2022-12-12,27.0,0.977751,8.0,243.0
2022-12-13,25.0,0.98283,10.0,242.0
2022-12-14,30.0,0.987918,6.0,248.0
2022-12-15,20.0,0.987602,7.0,273.0
2022-12-16,20.0,0.988153,7.0,277.0
2022-12-17,14.0,0.992763,7.0,279.0
2022-12-18,22.0,0.992818,6.0,286.0
2022-12-19,18.0,0.994831,7.0,277.0
2022-12-20,12.0,0.99135,9.0,275.0
2022-12-21,39.0,0.997094,4.0,269.0
2022-12-22,17.0,0.994542,4.0,298.0
2022-12-23,11.0,0.985707,7.0,293.0
2022-12-24,11.0,0.985624,8.0,294.0
2022-12-25,8.0,0.982743,7.0,300.0
2022-12-26,8.0,0.987786,5.0,297.0
2022-12-27,11.0,0.996419,3.0,292.0
2022-12-28,33.0,0.995409,4.0,288.0
2022-12-29,18.0,0.99686,4.0,287.0
2022-12-30,6.0,0.997508,2.0,272.0
2022-12-31,12.0,0.995544,4.0,283.0
2023-01-01,26.0,0.985907,8.0,293.0
2023-01-02,22.0,0.990881,5.0,292.0
2023-01-03,22.0,0.98522,3.0,277.0
2023-01-04,46.0,0.855609,14.0,283.0
2023-01-05,46.0,0.890788,20.0,267.0
2023-01-06,27.0,0.888292,21.0,287.0
2023-01-07,29.0,0.878658,19.0,292.0
2023-01-08,31.0,0.861456,21.0,304.0
2023-01-09,56.0,0.867441,23.0,289.0
2023-01-10,52.0,0.883287,22.0,279.0
2023-01-11,26.0,0.878627,21.0,301.0
2023-01-12,22.0,0.832101,29.0,313.0
2023-01-13,28.0,0.870943,28.0,307.0
2023-01-14,25.0,0.79968,30.0,307.0
2023-01-15,21.0,0.818318,24.0,292.0
2023-01-16,22.0,0.820689,24.0,292.0
2023-01-17,23.0,0.831963,22.0,285.0
2023-01-18,46.0,0.797884,24.0,297.0
2023-01-19,33.0,0.816681,19.0,290.0
2023-01-20,21.0,0.794934,19.0,286.0
2023-01-21,16.0,0.840509,13.0,283.0
2023-01-22,16.0,0.810365,13.0,291.0
2023-01-23,20.0,0.82784,15.0,276.0
2023-01-24,20.0,0.830433,15.0,271.0
2023-01-25,18.0,0.84934,14.0,266.0
2023-01-26,21.0,0.806738,17.0,268.0
2023-01-27,15.0,0.85731,12.0,268.0
2023-01-28,27.0,0.772181,17.0,277.0
2023-01-29,42.0,0.754855,19.0,275.0
2023-01-30,38.0,0.714587,24.0,274.0
2023-01-31,39.0,0.685228,24.0,277.0
2023-02-01,15.0,0.766208,19.0,276.0
2023-02-02,32.0,0.823772,21.0,249.0
2023-02-03,46.0,0.879764,19.0,240.0
2023-02-04,41.0,0.876782,13.0,253.0
2023-02-05,44.0,0.887067,15.0,264.0
2023-02-06,31.0,0.927447,8.0,286.0
2023-02-07,39.0,0.938268,8.0,259.0
2023-02-08,49.0,0.897218,11.0,270.0
2023-02-09,50.0,0.903477,11.0,273.0
2023-02-10,46.0,0.910728,14.0,262.0
2023-02-11,46.0,0.885741,19.0,265.0
2023-02-12,41.0,0.858272,27.0,264.0
2023-02-13,27.0,0.88957,23.0,255.0
2023-02-14,40.0,0.916632,18.0,239.0
2023-02-15,36.0,0.910977,18.0,235.0
2023-02-16,49.0,0.930281,21.0,239.0
2023-02-17,34.0,0.932305,18.0,242.0
2023-02-18,35.0,0.942523,18.0,255.0
2023-02-19,39.0,0.913779,18.0,260.0
2023-02-20,40.0,0.90796,19.0,261.0
2023-02-21,18.0,0.911553,16.0,256.0
2023-02-22,24.0,0.919843,15.0,244.0
2023-02-23,24.0,0.91272,16.0,245.0
2023-02-24,47.0,0.939378,14.0,243.0
2023-02-25,24.0,0.933815,16.0,241.0
2023-02-26,28.0,0.928544,16.0,249.0
2023-02-27,31.0,0.91984,19.0,242.0
2023-02-28,26.0,0.925879,19.0,239.0
2023-03-01,38.0,0.92529,16.0,231.0
2023-03-02,45.0,0.935638,14.0,239.0
2023-03-03,28.0,0.928388,19.0,223.0
2023-03-04,29.0,0.94692,23.0,221.0
2023-03-05,21.0,0.973037,11.0,202.0
2023-03-06,26.0,0.97849,10.0,194.0
2023-03-07,26.0,0.968974,10.0,212.0
2023-03-08,22.0,0.917249,15.0,225.0
2023-03-09,20.0,0.911281,19.0,239.0
2023-03-10,30.0,0.900699,15.0,227.0
2023-03-11,27.0,0.912888,16.0,232.0
2023-03-12,34.0,0.904952,16.0,231.0
2023-03-13,38.0,0.817834,22.0,240.0
2023-03-14,28.0,0.863702,19.0,223.0
2023-03-15,25.0,0.903396,21.0,210.0
2023-03-16,11.0,0.932072,12.0,255.0
2023-03-17,21.0,0.879764,16.0,282.0
2023-03-18,31.0,0.917918,15.0,288.0
2023-03-19,24.0,0.907466,17.0,299.0
2023-03-20,23.0,0.925274,16.0,277.0
2023-03-21,19.0,0.936257,15.0,282.0
2023-03-22,16.0,0.921539,16.0,285.0
2023-03-23,24.0,0.892715,20.0,294.0
2023-03-24,18.0,0.879711,20.0,292.0
2023-03-25,17.0,0.877816,20.0,294.0
2023-03-26,19.0,0.886331,18.0,300.0
2023-03-27,50.0,0.868009,18.0,304.0
2023-03-28,47.0,0.882226,17.0,303.0
2023-03-29,42.0,0.891107,17.0,297.0
2023-03-30,49.0,0.920033,16.0,286.0
2023-03-31,46.0,0.911625,19.0,273.0
2023-04-01,25.0,0.866847,20.0,301.0
2023-04-02,28.0,0.840442,25.0,317.0
2023-04-03,34.0,0.791824,26.0,318.0
2023-04-04,20.0,0.843217,22.0,313.0
2023-04-05,22.0,0.83659,23.0,310.0
2023-04-06,14.0,0.864622,19.0,313.0
2023-04-07,21.0,0.879708,16.0,315.0
2023-04-08,9.0,0.9045,12.0,316.0
2023-04-09,14.0,0.886071,11.0,339.0
2023-04-10,13.0,0.900063,10.0,329.0
2023-04-11,49.0,0.873267,13.0,331.0
2023-04-12,26.0,0.939697,9.0,314.0
2023-04-13,38.0,0.918044,10.0,305.0
2023-04-14,22.0,0.922432,9.0,285.0
2023-04-15,35.0,0.869799,17.0,243.0
2023-04-16,57.0,0.745317,35.0,257.0
2023-04-17,48.0,0.745433,37.0,243.0
2023-04-18,48.0,0.779345,31.0,233.0
2023-04-19,45.0,0.777694,33.0,224.0
2023-04-20,45.0,0.819881,25.0,223.0
2023-04-21,38.0,0.824707,26.0,236.0
2023-04-22,59.0,0.85832,19.0,221.0
2023-04-23,41.0,0.824554,24.0,232.0
2023-04-24,42.0,0.832394,23.0,232.0
2023-04-25,26.0,0.840403,29.0,249.0
2023-04-26,28.0,0.88199,18.0,238.0
2023-04-27,11.0,0.850353,14.0,239.0
2023-04-28,13.0,0.837109,18.0,228.0
2023-04-29,37.0,0.821815,22.0,226.0
2023-04-30,27.0,0.823917,28.0,231.0
2023-05-01,30.0,0.858509,27.0,212.0
2023-05-02,16.0,0.940902,18.0,225.0
2023-05-03,20.0,0.922069,17.0,240.0
2023-05-04,17.0,0.958126,13.0,226.0
2023-05-05,8.0,0.970712,9.0,261.0
2023-05-06,7.0,0.962855,9.0,267.0
2023-05-07,7.0,0.960115,9.0,269.0
2023-05-08,7.0,0.967156,11.0,260.0
2023-05-09,7.0,0.969831,11.0,257.0
2023-05-10,26.0,0.9747,10.0,253.0
2023-05-11,35.0,0.968189,12.0,257.0
2023-05-12,17.0,0.982086,9.0,249.0
2023-05-13,32.0,0.968442,13.0,249.0
2023-05-14,23.0,0.956546,16.0,253.0
2023-05-15,29.0,0.94229,21.0,256.0
2023-05-16,21.0,0.937549,19.0,254.0
2023-05-17,16.0,0.973837,12.0,238.0
2023-05-18,19.0,0.967859,13.0,251.0
2023-05-19,22.0,0.970519,21.0,256.0
2023-05-20,29.0,0.956055,22.0,255.0
2023-05-21,25.0,0.965225,14.0,256.0
2023-05-22,26.0,0.952465,18.0,256.0
2023-05-23,30.0,0.961508,15.0,252.0
2023-05-24,19.0,0.97226,13.0,242.0
2023-05-25,25.0,0.956639,16.0,240.0
2023-05-26,26.0,0.969048,17.0,241.0
2023-05-27,14.0,0.966783,14.0,243.0
2023-05-28,17.0,0.967139,14.0,253.0
2023-05-29,17.0,0.970955,14.0,249.0
2023-05-30,34.0,0.967043,16.0,230.0
2023-05-31,15.0,0.976729,11.0,238.0
2023-06-01,7.0,0.942115,12.0,241.0
2023-06-02,12.0,0.950638,17.0,229.0
2023-06-03,15.0,0.954767,18.0,234.0
2023-06-04,48.0,0.944913,16.0,224.0
2023-06-05,48.0,0.953372,15.0,221.0
2023-06-06,43.0,0.930917,19.0,222.0
2023-06-07,33.0,0.886986,23.0,220.0
2023-06-08,37.0,0.928445,19.0,211.0
2023-06-09,27.0,0.937884,18.0,205.0
2023-06-10,36.0,0.933895,20.0,211.0
2023-06-11,24.0,0.951859,17.0,210.0
2023-06-12,20.0,0.930487,19.0,207.0
2023-06-13,19.0,0.911834,19.0,213.0
2023-06-14,28.0,0.883327,23.0,209.0
2023-06-15,28.0,0.909833,19.0,211.0
2023-06-16,50.0,0.889192,24.0,200.0
2023-06-17,28.0,0.865884,23.0,210.0
2023-06-18,25.0,0.84216,23.0,218.0
2023-06-19,27.0,0.861379,21.0,205.0
2023-06-20,18.0,0.886411,20.0,189.0
2023-06-21,24.0,0.925061,19.0,192.0
2023-06-22,17.0,0.91488,15.0,175.0
2023-06-23,31.0,0.872805,21.0,183.0
2023-06-24,35.0,0.871551,19.0,197.0
2023-06-25,25.0,0.861516,18.0,212.0
2023-06-26,45.0,0.876108,13.0,203.0
2023-06-27,32.0,0.873582,13.0,200.0
2023-06-28,51.0,0.910462,12.0,192.0
2023-06-29,32.0,0.91502,16.0,186.0
2023-06-30,25.0,0.941168,13.0,180.0
2023-07-01,28.0,0.916292,19.0,184.0
2023-07-02,19.0,0.917878,18.0,167.0
2023-07-03,22.0,0.928242,16.0,157.0
2023-07-04,19.0,0.935382,15.0,157.0
2023-07-05,22.0,0.932393,13.0,162.0
2023-07-06,18.0,0.92323,10.0,187.0
2023-07-07,27.0,0.929425,10.0,203.0
2023-07-08,30.0,0.907176,12.0,201.0
2023-07-09,29.0,0.904112,14.0,199.0
2023-07-10,45.0,0.916042,14.0,196.0
2023-07-11,43.0,0.909312,14.0,191.0
2023-07-12,12.0,0.944484,9.0,210.0
2023-07-13,9.0,0.973192,6.0,258.0
2023-07-14,12.0,0.960093,8.0,253.0
2023-07-15,20.0,0.960684,9.0,246.0
2023-07-16,20.0,0.957101,8.0,277.0
2023-07-17,19.0,0.951698,8.0,271.0
2023-07-18,22.0,0.952009,9.0,260.0
2023-07-19,26.0,0.935879,12.0,269.0
2023-07-20,12.0,0.953371,8.0,288.0
2023-07-21,20.0,0.954346,8.0,291.0
2023-07-22,22.0,0.955177,8.0,314.0
2023-07-23,17.0,0.957347,6.0,322.0
2023-07-24,18.0,0.949932,8.0,315.0
2023-07-25,14.0,0.95264,7.0,303.0
2023-07-26,14.0,0.957727,7.0,292.0
2023-07-27,11.0,0.970689,5.0,266.0
2023-07-28,51.0,0.893638,16.0,287.0
2023-07-29,43.0,0.922326,14.0,287.0
2023-07-30,38.0,0.928553,11.0,295.0
2023-07-31,32.0,0.943414,11.0,274.0
2023-08-01,51.0,0.946113,14.0,276.0
2023-08-02,8.0,0.970914,5.0,312.0
2023-08-03,21.0,0.956025,7.0,314.0
2023-08-04,22.0,0.941244,9.0,310.0
2023-08-05,18.0,0.935909,9.0,266.0
2023-08-06,26.0,0.934644,9.0,283.0
2023-08-07,13.0,0.940217,8.0,261.0
2023-08-08,21.0,0.940272,7.0,254.0
2023-08-09,20.0,0.916117,7.0,261.0
2023-08-10,28.0,0.91808,8.0,255.0
2023-08-11,47.0,0.861896,13.0,240.0
2023-08-12,30.0,0.840358,28.0,216.0
2023-08-13,27.0,0.864022,28.0,207.0
2023-08-14,23.0,0.883609,28.0,201.0
2023-08-15,13.0,0.929883,17.0,198.0
2023-08-16,24.0,0.869959,20.0,224.0
2023-08-17,19.0,0.86008,23.0,224.0
2023-08-18,22.0,0.866755,25.0,229.0
2023-08-19,20.0,0.901307,16.0,236.0
2023-08-20,15.0,0.907351,14.0,236.0
2023-08-21,15.0,0.902426,16.0,244.0
2023-08-22,14.0,0.912904,16.0,234.0
2023-08-23,9.0,0.945343,9.0,270.0
2023-08-24,13.0,0.94991,16.0,242.0
2023-08-25,17.0,0.953606,11.0,254.0
2023-08-26,23.0,0.941019,13.0,274.0
2023-08-27,25.0,0.961693,11.0,245.0
2023-08-28,19.0,0.978291,8.0,243.0
2023-08-29,4.0,0.992977,5.0,261.0
2023-08-30,1.0,0.999738,1.0,269.0
2023-08-31,12.0,0.978576,5.0,285.0
2023-09-01,19.0,0.980688,8.0,252.0
2023-09-02,18.0,0.986012,7.0,250.0
2023-09-03,12.0,0.989179,6.0,268.0
2023-09-04,25.0,0.990066,6.0,264.0
2023-09-05,6.0,0.987454,6.0,260.0
2023-09-06,9.0,0.983338,9.0,277.0
2023-09-07,9.0,0.984751,8.0,273.0
2023-09-08,7.0,0.982491,9.0,280.0
2023-09-09,7.0,0.987589,8.0,287.0
2023-09-10,9.0,0.977021,9.0,289.0
2023-09-11,15.0,0.975683,9.0,286.0
2023-09-12,8.0,0.980126,8.0,272.0
2023-09-13,7.0,0.980683,7.0,271.0
2023-09-14,20.0,0.949631,16.0,261.0
2023-09-15,11.0,0.974049,8.0,247.0
2023-09-16,19.0,0.934077,15.0,237.0
2023-09-17,19.0,0.949182,12.0,242.0
2023-09-18,23.0,0.963922,8.0,235.0
2023-09-19,24.0,0.961658,9.0,233.0
2023-09-20,9.0,0.961956,9.0,224.0
2023-09-21,33.0,0.968913,10.0,262.0
2023-09-22,31.0,0.933475,10.0,263.0
2023-09-23,10.0,0.917249,9.0,262.0
2023-09-24,9.0,0.922049,10.0,280.0
2023-09-25,15.0,0.90607,9.0,274.0
2023-09-26,12.0,0.934455,7.0,274.0
2023-09-27,20.0,0.854332,13.0,275.0
2023-09-28,20.0,0.874072,17.0,223.0
2023-09-29,19.0,0.866329,18.0,215.0
2023-09-30,44.0,0.862178,22.0,228.0
2023-10-01,22.0,0.856245,16.0,239.0
2023-10-02,22.0,0.77192,20.0,230.0
2023-10-03,14.0,0.828921,14.0,259.0
2023-10-04,18.0,0.837734,18.0,254.0
2023-10-05,15.0,0.853529,18.0,256.0
2023-10-06,15.0,0.892348,14.0,275.0
2023-10-07,15.0,0.902113,15.0,276.0
2023-10-08,15.0,0.917407,15.0,278.0
2023-10-09,14.0,0.895579,14.0,274.0
2023-10-10,14.0,0.875237,14.0,285.0
2023-10-11,8.0,0.881087,9.0,289.0
2023-10-12,7.0,0.898135,9.0,303.0
2023-10-13,24.0,0.912563,10.0,303.0
2023-10-14,27.0,0.906623,9.0,317.0
2023-10-15,26.0,0.92656,8.0,321.0
2023-10-16,27.0,0.902996,11.0,309.0
2023-10-17,14.0,0.88977,14.0,303.0
2023-10-18,55.0,0.890486,17.0,305.0
2023-10-19,50.0,0.890023,19.0,315.0
2023-10-20,41.0,0.945696,14.0,306.0
2023-10-21,41.0,0.947542,13.0,288.0
2023-10-22,35.0,0.959732,12.0,301.0
2023-10-23,33.0,0.962615,11.0,294.0
2023-10-24,22.0,0.988286,8.0,302.0
2023-10-25,6.0,0.988948,5.0,315.0
2023-10-26,6.0,0.992373,4.0,298.0
2023-10-27,10.0,0.98939,4.0,303.0
2023-10-28,13.0,0.965449,6.0,311.0
2023-10-29,20.0,0.962947,7.0,323.0
2023-10-30,31.0,0.957039,7.0,308.0
2023-10-31,22.0,0.958768,7.0,319.0
2023-11-01,15.0,0.959828,6.0,314.0
2023-11-02,7.0,0.977723,5.0,296.0
2023-11-03,6.0,0.960544,7.0,314.0
2023-11-04,7.0,0.962063,6.0,316.0
2023-11-05,8.0,0.953474,8.0,319.0
2023-11-06,19.0,0.957324,8.0,303.0
2023-11-07,13.0,0.960467,7.0,295.0
2023-11-08,14.0,0.950586,9.0,295.0
2023-11-09,17.0,0.950409,7.0,296.0
2023-11-10,18.0,0.940272,7.0,269.0
2023-11-11,64.0,0.922815,11.0,275.0
2023-11-12,10.0,0.91451,11.0,246.0
2023-11-13,12.0,0.903754,12.0,249.0
2023-11-14,40.0,0.927689,12.0,263.0
2023-11-15,14.0,0.908916,11.0,280.0
2023-11-16,6.0,0.917379,8.0,265.0
2023-11-17,9.0,0.892604,12.0,255.0
2023-11-18,37.0,0.830711,19.0,263.0
2023-11-19,20.0,0.825791,20.0,268.0
2023-11-20,14.0,0.850779,18.0,248.0
2023-11-21,21.0,0.802424,23.0,243.0
2023-11-22,20.0,0.835455,24.0,228.0
2023-11-23,20.0,0.85941,20.0,221.0
2023-11-24,29.0,0.86225,24.0,221.0
2023-11-25,22.0,0.885003,18.0,220.0
2023-11-26,40.0,0.863159,22.0,234.0
2023-11-27,39.0,0.877315,21.0,226.0
2023-11-28,30.0,0.87419,25.0,223.0
2023-11-29,28.0,0.895998,22.0,230.0
2023-11-30,17.0,0.865496,27.0,240.0
2023-12-01,32.0,0.872977,26.0,224.0
2023-12-02,42.0,0.878206,37.0,229.0
2023-12-03,32.0,0.893844,20.0,229.0
2023-12-04,19.0,0.901878,24.0,213.0
2023-12-05,33.0,0.899423,39.0,220.0
2023-12-06,28.0,0.889506,22.0,222.0
2023-12-07,33.0,0.893159,24.0,200.0
2023-12-08,28.0,0.930229,27.0,191.0
2023-12-09,22.0,0.930525,18.0,199.0
2023-12-10,28.0,0.890046,21.0,221.0
2023-12-11,27.0,0.906128,18.0,209.0
2023-12-12,28.0,0.906796,18.0,210.0
2023-12-13,19.0,0.939746,15.0,194.0
2023-12-14,23.0,0.964489,18.0,185.0
2023-12-15,16.0,0.914569,31.0,206.0
2023-12-16,16.0,0.86503,21.0,212.0
2023-12-17,20.0,0.882274,18.0,211.0
2023-12-18,15.0,0.920495,17.0,202.0
2023-12-19,35.0,0.890195,20.0,199.0
2023-12-20,17.0,0.874228,30.0,204.0
2023-12-21,35.0,0.829837,31.0,211.0
2023-12-22,32.0,0.851384,26.0,209.0
2023-12-23,35.0,0.827456,30.0,215.0
2023-12-24,26.0,0.820108,31.0,223.0
2023-12-25,26.0,0.845494,28.0,216.0
2023-12-26,22.0,0.842171,28.0,211.0
2023-12-27,39.0,0.86058,27.0,209.0
2023-12-28,34.0,0.877144,27.0,199.0
2023-12-29,30.0,0.896918,21.0,200.0
2023-12-30,35.0,0.883972,22.0,207.0
2023-12-31,35.0,0.835153,24.0,214.0
2024-01-01,28.0,0.849164,24.0,210.0
2024-01-02,31.0,0.891514,19.0,204.0
2024-01-03,22.0,0.903905,17.0,223.0
2024-01-04,32.0,0.824314,23.0,241.0
2024-01-05,21.0,0.855815,22.0,236.0
2024-01-06,25.0,0.871109,21.0,238.0
2024-01-07,30.0,0.826329,27.0,274.0
2024-01-08,27.0,0.828091,25.0,266.0
2024-01-09,21.0,0.845321,22.0,259.0
2024-01-10,24.0,0.833637,21.0,257.0
2024-01-11,25.0,0.831955,21.0,255.0
2024-01-12,30.0,0.842974,24.0,232.0
2024-01-13,36.0,0.867799,21.0,210.0
2024-01-14,27.0,0.864328,22.0,222.0
2024-01-15,26.0,0.890709,21.0,216.0
2024-01-16,31.0,0.914686,20.0,217.0
2024-01-17,55.0,0.922322,14.0,255.0
2024-01-18,26.0,0.95551,8.0,235.0
2024-01-19,35.0,0.977403,7.0,258.0
2024-01-20,14.0,0.986816,5.0,276.0
2024-01-21,14.0,0.97987,7.0,284.0
2024-01-22,13.0,0.980477,6.0,272.0
2024-01-23,20.0,0.979747,5.0,254.0
2024-01-24,30.0,0.966662,7.0,248.0
2024-01-25,18.0,0.967931,9.0,236.0
2024-01-26,26.0,0.960054,14.0,230.0
2024-01-27,34.0,0.947235,13.0,246.0
2024-01-28,31.0,0.951486,13.0,241.0
2024-01-29,30.0,0.934384,12.0,256.0
2024-01-30,31.0,0.945852,9.0,248.0
2024-01-31,11.0,0.935643,8.0,218.0
2024-02-01,9.0,0.934442,12.0,213.0
2024-02-02,24.0,0.92777,18.0,159.0
2024-02-03,25.0,0.911551,20.0,178.0
2024-02-04,25.0,0.912103,22.0,183.0
2024-02-05,55.0,0.890937,16.0,214.0
2024-02-06,21.0,0.904875,15.0,203.0
2024-02-07,15.0,0.887005,14.0,197.0
2024-02-08,38.0,0.88521,14.0,195.0
2024-02-09,31.0,0.899531,12.0,194.0
2024-02-10,30.0,0.852501,14.0,200.0
2024-02-11,29.0,0.845403,17.0,188.0
2024-02-12,14.0,0.853639,15.0,185.0
2024-02-13,15.0,0.853091,14.0,193.0
2024-02-14,32.0,0.914524,12.0,191.0
2024-02-15,24.0,0.900283,15.0,189.0
2024-02-16,29.0,0.91829,17.0,180.0
2024-02-17,29.0,0.895007,25.0,190.0
2024-02-18,37.0,0.866047,29.0,202.0
2024-02-19,36.0,0.871142,28.0,201.0
2024-02-20,37.0,0.898802,24.0,195.0
2024-02-21,34.0,0.887153,28.0,203.0
2024-02-22,34.0,0.927775,23.0,186.0
2024-02-23,42.0,0.92935,23.0,193.0
2024-02-24,55.0,0.913827,24.0,205.0
2024-02-25,58.0,0.892159,28.0,217.0
2024-02-26,41.0,0.917807,20.0,207.0
2024-02-27,39.0,0.914934,27.0,202.0
2024-02-28,36.0,0.906851,24.0,204.0
2024-02-29,30.0,0.930359,19.0,197.0
2024-03-01,24.0,0.905328,23.0,202.0
2024-03-02,31.0,0.897637,22.0,213.0
2024-03-03,19.0,0.929828,17.0,237.0
2024-03-04,21.0,0.894693,19.0,238.0
2024-03-05,32.0,0.899211,20.0,214.0
2024-03-06,40.0,0.913449,13.0,216.0
2024-03-07,13.0,0.932,16.0,206.0
2024-03-08,11.0,0.934191,16.0,218.0
2024-03-09,12.0,0.924278,20.0,223.0
2024-03-10,23.0,0.926521,22.0,230.0
2024-03-11,32.0,0.914741,26.0,225.0
2024-03-12,33.0,0.943461,24.0,207.0
2024-03-13,18.0,0.972335,17.0,187.0
2024-03-14,43.0,0.908455,26.0,211.0
2024-03-15,21.0,0.950877,15.0,195.0
2024-03-16,37.0,0.959441,12.0,186.0
2024-03-17,30.0,0.925885,19.0,203.0
2024-03-18,22.0,0.920345,22.0,199.0
2024-03-19,13.0,0.936752,19.0,195.0
2024-03-20,10.0,0.949214,14.0,175.0
2024-03-21,13.0,0.949362,15.0,173.0
2024-03-22,21.0,0.966142,14.0,173.0
2024-03-23,22.0,0.960556,14.0,170.0
2024-03-24,21.0,0.949077,15.0,178.0
2024-03-25,24.0,0.939408,12.0,172.0
2024-03-26,23.0,0.937844,11.0,171.0
2024-03-27,15.0,0.930143,13.0,177.0
2024-03-28,18.0,0.924237,18.0,176.0
2024-03-29,25.0,0.916621,19.0,176.0
2024-03-30,23.0,0.904714,23.0,187.0
2024-03-31,35.0,0.845593,33.0,201.0
2024-04-01,33.0,0.855705,28.0,197.0
2024-04-02,41.0,0.850791,21.0,215.0
2024-04-03,44.0,0.874535,21.0,211.0
2024-04-04,30.0,0.899854,19.0,199.0
2024-04-05,46.0,0.898395,12.0,178.0
2024-04-06,32.0,0.871508,18.0,184.0
2024-04-07,39.0,0.870321,19.0,209.0
2024-04-08,36.0,0.897572,14.0,201.0
2024-04-09,36.0,0.889128,14.0,192.0
2024-04-10,16.0,0.898437,12.0,187.0
2024-04-11,39.0,0.847839,25.0,211.0
2024-04-12,46.0,0.797395,27.0,237.0
2024-04-13,27.0,0.813027,21.0,237.0
2024-04-14,41.0,0.780589,23.0,248.0
2024-04-15,27.0,0.803476,30.0,232.0
2024-04-16,36.0,0.843857,24.0,219.0
2024-04-17,48.0,0.832203,25.0,228.0
2024-04-18,37.0,0.820929,27.0,235.0
2024-04-19,32.0,0.969845,20.0,209.0
2024-04-20,31.0,0.943081,23.0,221.0
2024-04-21,56.0,0.900162,27.0,237.0
2024-04-22,33.0,0.938169,20.0,224.0
2024-04-23,49.0,0.944107,15.0,224.0
2024-04-24,46.0,0.961538,17.0,208.0
2024-04-25,34.0,0.966646,14.0,201.0
2024-04-26,10.0,0.982222,9.0,198.0
2024-04-27,13.0,0.973837,11.0,201.0
2024-04-28,13.0,0.972376,11.0,200.0
2024-04-29,20.0,0.864617,16.0,203.0
2024-04-30,27.0,0.83244,17.0,205.0
2024-05-01,24.0,0.823729,24.0,215.0
2024-05-02,29.0,0.95436,14.0,192.0
2024-05-03,36.0,0.964243,9.0,198.0
2024-05-04,29.0,0.953837,12.0,203.0
2024-05-05,18.0,0.9472,13.0,221.0
2024-05-06,15.0,0.958448,12.0,212.0
2024-05-07,15.0,0.958778,11.0,211.0
2024-05-08,15.0,0.966277,11.0,208.0
2024-05-09,14.0,0.961823,11.0,219.0
2024-05-10,10.0,0.9653,9.0,217.0
2024-05-11,13.0,0.918547,12.0,250.0
2024-05-12,19.0,0.883932,16.0,278.0
2024-05-13,29.0,0.864087,17.0,273.0
2024-05-14,31.0,0.883155,15.0,273.0
2024-05-15,23.0,0.840821,21.0,269.0
2024-05-16,20.0,0.777804,29.0,269.0
2024-05-17,39.0,0.890187,20.0,259.0
2024-05-18,40.0,0.848604,21.0,269.0
2024-05-19,46.0,0.860525,27.0,277.0
2024-05-20,41.0,0.896511,24.0,255.0
2024-05-21,31.0,0.911572,21.0,246.0
2024-05-22,43.0,0.869159,24.0,270.0
2024-05-23,23.0,0.81968,24.0,301.0
2024-05-24,28.0,0.795135,24.0,307.0
2024-05-25,24.0,0.738831,29.0,329.0
2024-05-26,41.0,0.741709,34.0,337.0
2024-05-27,29.0,0.778036,31.0,329.0
2024-05-28,43.0,0.788654,31.0,310.0
2024-05-29,31.0,0.840823,23.0,326.0
2024-05-30,11.0,0.871043,11.0,281.0
2024-05-31,21.0,0.910621,11.0,275.0
2024-06-01,13.0,0.91033,13.0,252.0
2024-06-02,16.0,0.822237,15.0,248.0
2024-06-03,20.0,0.821672,16.0,247.0
2024-06-04,19.0,0.799898,18.0,241.0
2024-06-05,21.0,0.840679,23.0,240.0
2024-06-06,22.0,0.840677,23.0,240.0
2024-06-07,29.0,0.862583,26.0,241.0
2024-06-08,32.0,0.843998,27.0,239.0
2024-06-09,28.0,0.8244,24.0,244.0
2024-06-10,34.0,0.807522,29.0,243.0
2024-06-11,33.0,0.828561,24.0,228.0
2024-06-12,27.0,0.857655,18.0,236.0
2024-06-13,31.0,0.846634,17.0,233.0
2024-06-14,27.0,0.818246,20.0,217.0
2024-06-15,32.0,0.703178,26.0,229.0
2024-06-16,34.0,0.700278,26.0,239.0
2024-06-17,38.0,0.717727,25.0,226.0
2024-06-18,41.0,0.745117,25.0,211.0
2024-06-19,34.0,0.761983,23.0,222.0
2024-06-20,32.0,0.750794,23.0,227.0
2024-06-21,41.0,0.770693,23.0,211.0
2024-06-22,42.0,0.745065,27.0,213.0
2024-06-23,35.0,0.753152,27.0,212.0
2024-06-24,33.0,0.760857,28.0,203.0
2024-06-25,29.0,0.766776,26.0,195.0
2024-06-26,25.0,0.77875,25.0,193.0
2024-06-27,42.0,0.787649,24.0,199.0
2024-06-28,40.0,0.762079,27.0,199.0
2024-06-29,44.0,0.730675,27.0,230.0
2024-06-30,43.0,0.729129,25.0,235.0
2024-07-01,30.0,0.76847,21.0,221.0
2024-07-02,28.0,0.80574,16.0,207.0
2024-07-03,14.0,0.830815,14.0,209.0
2024-07-04,30.0,0.775564,17.0,219.0
2024-07-05,26.0,0.882441,17.0,189.0
2024-07-06,27.0,0.912115,16.0,193.0
2024-07-07,26.0,0.912469,12.0,184.0
2024-07-08,35.0,0.932368,14.0,180.0
2024-07-09,29.0,0.942882,14.0,181.0
2024-07-10,29.0,0.96068,9.0,154.0
2024-07-11,14.0,0.937088,17.0,172.0
2024-07-12,24.0,0.96977,12.0,160.0
2024-07-13,22.0,0.9339,15.0,178.0
2024-07-14,21.0,0.924159,16.0,184.0
2024-07-15,14.0,0.937474,16.0,180.0
2024-07-16,14.0,0.947828,17.0,172.0
2024-07-17,23.0,0.950936,16.0,171.0
2024-07-18,24.0,0.958518,14.0,171.0
2024-07-19,16.0,0.954452,12.0,182.0
2024-07-20,21.0,0.943178,16.0,183.0
2024-07-21,28.0,0.975944,10.0,174.0
2024-07-22,13.0,0.986633,16.0,171.0
2024-07-23,17.0,0.981572,15.0,170.0
2024-07-24,33.0,0.951202,12.0,191.0
2024-07-25,17.0,0.953403,13.0,194.0
2024-07-26,19.0,0.954711,15.0,200.0
2024-07-27,21.0,0.923657,21.0,216.0
2024-07-28,23.0,0.922943,21.0,224.0
2024-07-29,24.0,0.913906,18.0,218.0
2024-07-30,20.0,0.934965,16.0,202.0
2024-07-31,19.0,0.97135,11.0,213.0
2024-08-01,20.0,0.965747,12.0,213.0
2024-08-02,46.0,0.921141,13.0,230.0
2024-08-03,48.0,0.896399,15.0,246.0
2024-08-04,25.0,0.901314,14.0,242.0
2024-08-05,55.0,0.970674,13.0,276.0
2024-08-06,38.0,0.947853,20.0,283.0
2024-08-07,23.0,0.944542,19.0,268.0
2024-08-08,24.0,0.956227,19.0,287.0
2024-08-09,24.0,0.967147,12.0,282.0
2024-08-10,24.0,0.960556,11.0,305.0
2024-08-11,50.0,0.966886,11.0,321.0
2024-08-12,20.0,0.966407,11.0,317.0
2024-08-13,31.0,0.973721,11.0,314.0
2024-08-14,42.0,0.970087,13.0,315.0
2024-08-15,50.0,0.974824,15.0,319.0
2024-08-16,44.0,0.973655,13.0,325.0
2024-08-17,38.0,0.975978,14.0,328.0
2024-08-18,42.0,0.97359,14.0,338.0
2024-08-19,16.0,0.974984,12.0,331.0
2024-08-20,14.0,0.975374,13.0,330.0
2024-08-21,39.0,0.972964,13.0,324.0
2024-08-22,39.0,0.975357,10.0,323.0
2024-08-23,24.0,0.952621,15.0,335.0
2024-08-24,33.0,0.954919,12.0,342.0
2024-08-25,15.0,0.941182,14.0,367.0
2024-08-26,16.0,0.948985,11.0,360.0
2024-08-27,15.0,0.962139,9.0,358.0
2024-08-28,37.0,0.962925,9.0,358.0
2024-08-29,26.0,0.976,7.0,362.0
2024-08-30,31.0,0.96826,8.0,369.0
2024-08-31,30.0,0.967403,9.0,362.0
2024-09-01,21.0,0.972096,9.0,372.0
2024-09-02,20.0,0.971582,9.0,368.0
2024-09-03,8.0,0.958024,11.0,374.0
2024-09-04,13.0,0.973185,15.0,259.0
2024-09-05,6.0,0.980225,9.0,254.0
2024-09-06,3.0,0.988993,7.0,280.0
2024-09-07,6.0,0.984046,6.0,276.0
2024-09-08,7.0,0.964232,9.0,285.0
2024-09-09,12.0,0.97138,10.0,292.0
2024-09-10,6.0,0.981873,7.0,282.0
2024-09-11,12.0,0.981017,8.0,279.0
2024-09-12,6.0,0.987152,5.0,301.0
2024-09-13,10.0,0.982426,7.0,307.0
2024-09-14,32.0,0.939365,15.0,297.0
2024-09-15,28.0,0.943987,19.0,303.0
2024-09-16,27.0,0.958274,18.0,300.0
2024-09-17,29.0,0.951059,21.0,305.0
2024-09-18,16.0,0.962013,13.0,306.0
2024-09-19,26.0,0.991434,6.0,314.0
2024-09-20,17.0,0.979179,10.0,311.0
2024-09-21,15.0,0.973136,11.0,323.0
2024-09-22,17.0,0.948959,15.0,317.0
2024-09-23,28.0,0.940713,17.0,312.0
2024-09-24,16.0,0.94213,17.0,314.0
2024-09-25,39.0,0.96552,18.0,310.0
2024-09-26,20.0,0.956328,13.0,324.0
2024-09-27,35.0,0.956017,16.0,319.0
2024-09-28,25.0,0.939439,22.0,328.0
2024-09-29,29.0,0.947219,22.0,336.0
2024-09-30,21.0,0.9657,17.0,312.0
2024-10-01,27.0,0.96741,17.0,288.0
2024-10-02,13.0,0.975779,14.0,280.0
2024-10-03,23.0,0.975774,15.0,224.0
2024-10-04,6.0,0.973947,7.0,238.0
2024-10-05,20.0,0.970469,9.0,243.0
2024-10-06,31.0,0.901022,16.0,226.0
2024-10-07,23.0,0.885003,21.0,226.0
2024-10-08,28.0,0.875637,22.0,217.0
2024-10-09,21.0,0.882854,25.0,216.0
2024-10-10,19.0,0.852447,24.0,233.0
2024-10-11,25.0,0.823343,26.0,232.0
2024-10-12,19.0,0.818828,23.0,235.0
2024-10-13,40.0,0.822732,22.0,234.0
2024-10-14,28.0,0.842539,21.0,231.0
2024-10-15,22.0,0.849067,21.0,224.0
2024-10-16,32.0,0.844979,21.0,227.0
2024-10-17,29.0,0.847542,23.0,227.0
2024-10-18,38.0,0.859367,22.0,223.0
2024-10-19,27.0,0.794243,22.0,241.0
2024-10-20,27.0,0.770192,23.0,244.0
2024-10-21,27.0,0.754325,25.0,237.0
2024-10-22,41.0,0.784832,23.0,225.0
2024-10-23,28.0,0.80313,26.0,223.0
2024-10-24,33.0,0.769415,27.0,227.0
2024-10-25,43.0,0.775568,26.0,225.0
2024-10-26,49.0,0.802156,24.0,232.0
2024-10-27,44.0,0.846601,23.0,237.0
2024-10-28,32.0,0.844094,24.0,227.0
2024-10-29,29.0,0.822011,23.0,218.0
2024-10-30,39.0,0.850375,24.0,227.0
2024-10-31,57.0,0.913765,21.0,212.0
2024-11-01,62.0,0.880887,24.0,217.0
2024-11-02,71.0,0.844425,30.0,229.0
2024-11-03,44.0,0.836625,29.0,238.0
2024-11-04,67.0,0.852326,28.0,235.0
2024-11-05,51.0,0.867803,28.0,228.0
2024-11-06,34.0,0.865463,26.0,231.0
2024-11-07,54.0,0.807371,20.0,299.0
2024-11-08,41.0,0.850472,23.0,289.0
2024-11-09,47.0,0.851793,23.0,291.0
2024-11-10,42.0,0.841104,24.0,295.0
2024-11-11,36.0,0.864047,27.0,274.0
2024-11-12,39.0,0.864716,20.0,255.0
2024-11-13,29.0,0.860713,23.0,251.0
2024-11-14,31.0,0.891995,20.0,256.0
2024-11-15,30.0,0.905511,19.0,249.0
2024-11-16,31.0,0.907192,19.0,250.0
2024-11-17,21.0,0.919001,18.0,251.0
2024-11-18,22.0,0.909944,19.0,236.0
2024-11-19,19.0,0.947077,16.0,224.0
2024-11-20,20.0,0.932021,16.0,231.0
2024-11-21,24.0,0.945934,19.0,221.0
2024-11-22,25.0,0.932817,17.0,224.0
2024-11-23,30.0,0.899271,20.0,237.0
2024-11-24,30.0,0.891946,20.0,240.0
2024-11-25,21.0,0.912579,19.0,224.0
2024-11-26,22.0,0.90409,20.0,215.0
2024-11-27,18.0,0.90913,17.0,209.0
2024-11-28,17.0,0.918963,17.0,201.0
2024-11-29,23.0,0.914245,18.0,209.0
2024-11-30,11.0,0.937761,13.0,212.0
2024-12-01,22.0,0.925241,13.0,221.0
2024-12-02,21.0,0.923782,14.0,217.0
2024-12-03,23.0,0.936795,13.0,218.0
2024-12-04,22.0,0.926082,14.0,228.0
2024-12-05,22.0,0.931729,15.0,229.0
2024-12-06,38.0,0.909954,38.0,204.0
2024-12-07,41.0,0.83025,30.0,201.0
2024-12-08,51.0,0.766598,27.0,228.0
2024-12-09,36.0,0.752648,32.0,219.0
2024-12-10,37.0,0.762435,29.0,207.0
2024-12-11,36.0,0.796977,31.0,202.0
2024-12-12,26.0,0.804882,31.0,190.0
2024-12-13,34.0,0.823921,29.0,188.0
2024-12-14,46.0,0.845924,24.0,192.0
2024-12-15,46.0,0.746788,34.0,213.0
2024-12-16,40.0,0.771948,29.0,200.0
2024-12-17,57.0,0.774319,30.0,199.0
2024-12-18,41.0,0.899921,17.0,213.0
2024-12-19,23.0,0.87809,16.0,230.0
2024-12-20,24.0,0.874219,20.0,227.0
2024-12-21,23.0,0.880385,19.0,239.0
2024-12-22,37.0,0.872231,20.0,258.0
2024-12-23,47.0,0.874733,19.0,249.0
2024-12-24,25.0,0.888307,19.0,244.0
2024-12-25,14.0,0.924423,13.0,250.0
2024-12-26,23.0,0.922519,13.0,259.0
2024-12-27,47.0,0.94589,13.0,260.0
2024-12-28,58.0,0.93186,15.0,265.0
2024-12-29,55.0,0.924524,16.0,267.0
2024-12-30,33.0,0.927738,16.0,259.0
2024-12-31,26.0,0.934086,15.0,250.0
2025-01-01,28.0,0.93584,13.0,261.0
2025-01-02,32.0,0.956014,10.0,252.0
2025-01-03,37.0,0.902901,17.0,238.0
2025-01-04,50.0,0.914664,15.0,241.0
2025-01-05,30.0,0.863676,21.0,241.0
2025-01-06,32.0,0.922552,13.0,229.0
2025-01-07,49.0,0.901346,20.0,238.0
2025-01-08,52.0,0.876063,19.0,248.0
2025-01-09,62.0,0.906521,19.0,239.0
2025-01-10,36.0,0.960141,8.0,250.0
2025-01-11,22.0,0.951319,9.0,258.0
2025-01-12,47.0,0.94208,10.0,264.0
2025-01-13,44.0,0.944015,8.0,252.0
2025-01-14,30.0,0.951354,7.0,248.0
2025-01-15,30.0,0.938456,11.0,299.0
2025-01-16,51.0,0.953693,7.0,280.0
2025-01-17,14.0,0.926826,12.0,266.0
2025-01-18,20.0,0.958854,14.0,242.0
2025-01-19,25.0,0.966296,15.0,239.0
2025-01-20,22.0,0.970028,15.0,234.0
2025-01-21,12.0,0.942815,11.0,250.0
2025-01-22,37.0,0.905416,16.0,244.0
2025-01-23,44.0,0.891151,17.0,251.0
2025-01-24,52.0,0.882929,18.0,248.0
2025-01-25,54.0,0.883301,18.0,251.0
2025-01-26,53.0,0.861041,18.0,255.0
2025-01-27,56.0,0.838071,22.0,247.0
2025-01-28,44.0,0.834193,24.0,245.0
2025-01-29,50.0,0.831674,27.0,241.0
2025-01-30,39.0,0.844789,21.0,237.0
2025-01-31,43.0,0.880149,21.0,232.0
2025-02-01,44.0,0.841989,23.0,239.0
2025-02-02,50.0,0.869711,17.0,251.0
2025-02-03,47.0,0.883322,14.0,251.0
2025-02-04,40.0,0.900511,10.0,252.0
2025-02-05,39.0,0.877457,12.0,270.0
2025-02-06,39.0,0.874406,12.0,280.0
2025-02-07,24.0,0.878092,9.0,284.0
2025-02-08,25.0,0.88321,11.0,280.0
2025-02-09,45.0,0.803378,15.0,288.0
2025-02-10,57.0,0.789525,13.0,267.0
2025-02-11,17.0,0.827054,14.0,263.0
2025-02-12,15.0,0.808749,13.0,245.0
2025-02-13,27.0,0.83855,12.0,245.0
2025-02-14,43.0,0.836291,19.0,230.0
2025-02-15,41.0,0.81808,18.0,242.0
2025-02-16,52.0,0.820477,19.0,251.0
2025-02-17,50.0,0.816067,19.0,247.0
2025-02-18,44.0,0.822252,18.0,244.0
2025-02-19,54.0,0.829919,18.0,244.0
2025-02-20,38.0,0.815651,18.0,244.0
2025-02-21,32.0,0.765965,29.0,237.0
2025-02-22,41.0,0.784074,27.0,232.0
2025-02-23,40.0,0.77652,26.0,234.0
2025-02-24,21.0,0.78459,27.0,224.0
2025-02-25,20.0,0.7777,25.0,228.0
2025-02-26,43.0,0.798172,23.0,244.0
2025-02-27,44.0,0.869782,14.0,245.0
2025-02-28,24.0,0.78993,23.0,232.0
2025-03-01,31.0,0.786917,22.0,237.0
2025-03-02,23.0,0.774756,21.0,238.0
2025-03-03,31.0,0.884934,16.0,206.0
2025-03-04,34.0,0.874872,18.0,201.0
2025-03-05,34.0,0.868336,12.0,248.0
2025-03-06,34.0,0.864581,22.0,240.0
2025-03-07,31.0,0.806109,24.0,253.0
2025-03-08,34.0,0.711626,30.0,274.0
2025-03-09,51.0,0.721392,25.0,269.0
2025-03-10,43.0,0.682413,33.0,282.0
2025-03-11,37.0,0.698863,31.0,271.0
2025-03-12,40.0,0.781196,20.0,264.0
2025-03-13,25.0,0.76216,26.0,278.0
2025-03-14,29.0,0.797503,26.0,268.0
2025-03-15,29.0,0.7211,32.0,293.0
2025-03-16,32.0,0.649544,33.0,316.0
2025-03-17,33.0,0.673175,35.0,310.0
2025-03-18,38.0,0.689333,33.0,312.0
2025-03-19,38.0,0.714401,32.0,310.0
2025-03-20,29.0,0.768287,32.0,290.0
2025-03-21,33.0,0.725914,34.0,296.0
2025-03-22,31.0,0.695513,33.0,302.0
2025-03-23,45.0,0.698404,36.0,295.0
2025-03-24,49.0,0.693602,32.0,306.0
2025-03-25,42.0,0.72727,32.0,298.0
2025-03-26,50.0,0.738989,33.0,291.0
2025-03-27,52.0,0.767258,32.0,293.0
2025-03-28,44.0,0.78051,33.0,306.0
2025-03-29,40.0,0.79363,31.0,321.0
2025-03-30,40.0,0.869834,36.0,307.0
2025-03-31,49.0,0.84115,31.0,297.0
2025-04-01,35.0,0.834782,33.0,295.0
2025-04-02,37.0,0.82538,34.0,307.0
2025-04-03,25.0,0.880897,19.0,371.0
2025-04-04,14.0,0.972365,6.0,482.0
2025-04-05,23.0,0.975628,7.0,488.0
2025-04-06,22.0,0.978863,6.0,485.0
2025-04-07,83.0,0.703648,33.0,446.0
2025-04-08,47.0,0.76548,26.0,428.0
2025-04-09,71.0,0.829374,33.0,370.0
2025-04-10,81.0,0.704585,49.0,381.0
2025-04-11,55.0,0.768501,41.0,363.0
2025-04-12,66.0,0.765094,42.0,361.0
2025-04-13,54.0,0.747159,41.0,361.0
2025-04-14,41.0,0.766763,40.0,356.0
2025-04-15,46.0,0.774142,39.0,350.0
2025-04-16,41.0,0.783475,40.0,348.0
2025-04-17,43.0,0.798971,38.0,345.0
2025-04-18,42.0,0.783188,38.0,349.0
2025-04-19,46.0,0.762088,39.0,357.0
2025-04-20,39.0,0.758072,40.0,359.0
2025-04-21,36.0,0.779594,39.0,350.0
2025-04-22,39.0,0.806828,38.0,345.0
2025-04-23,42.0,0.825414,36.0,335.0
2025-04-24,40.0,0.828668,35.0,335.0
2025-04-25,38.0,0.817984,35.0,336.0
2025-04-26,31.0,0.809465,35.0,338.0
2025-04-27,36.0,0.808906,34.0,340.0
2025-04-28,43.0,0.814437,33.0,336.0
2025-04-29,42.0,0.814735,33.0,335.0
2025-04-30,43.0,0.817486,36.0,337.0
2025-05-01,39.0,0.800929,35.0,340.0
2025-05-02,38.0,0.812878,35.0,335.0
2025-05-03,34.0,0.801499,31.0,340.0
2025-05-04,62.0,0.724106,31.0,411.0
2025-05-05,59.0,0.738443,30.0,399.0
2025-05-06,42.0,0.760354,28.0,392.0
2025-05-07,15.0,0.882964,14.0,421.0
2025-05-08,13.0,0.866345,17.0,405.0
2025-05-09,18.0,0.715223,27.0,322.0
2025-05-10,53.0,0.683,29.0,292.0
2025-05-11,34.0,0.914004,17.0,254.0
2025-05-12,42.0,0.964992,12.0,230.0
2025-05-13,35.0,0.971635,10.0,239.0
2025-05-14,19.0,0.986977,6.0,254.0
2025-05-15,24.0,0.987409,7.0,249.0
2025-05-16,22.0,0.977591,6.0,257.0
2025-05-17,25.0,0.982964,5.0,262.0
2025-05-18,25.0,0.983162,5.0,263.0
2025-05-19,21.0,0.983616,5.0,259.0
2025-05-20,17.0,0.986704,5.0,250.0
2025-05-21,46.0,0.98514,7.0,252.0
2025-05-22,57.0,0.975388,8.0,280.0
2025-05-23,46.0,0.953368,9.0,250.0
2025-05-24,43.0,0.944868,11.0,255.0
2025-05-25,51.0,0.940162,11.0,273.0
2025-05-26,56.0,0.954284,10.0,255.0
2025-05-27,67.0,0.940227,14.0,248.0
2025-05-28,56.0,0.959661,35.0,247.0
2025-05-29,51.0,0.944371,31.0,240.0
2025-05-30,57.0,0.919608,28.0,242.0
2025-05-31,55.0,0.885908,15.0,257.0
2025-06-01,53.0,0.891952,28.0,260.0
2025-06-02,45.0,0.90805,21.0,247.0
2025-06-03,22.0,0.908207,21.0,245.0
2025-06-04,22.0,0.963092,14.0,220.0
2025-06-05,26.0,0.942205,18.0,232.0
2025-06-06,28.0,0.916639,16.0,244.0
2025-06-07,13.0,0.891242,21.0,238.0
2025-06-08,31.0,0.866132,24.0,237.0
2025-06-09,26.0,0.876157,22.0,236.0
2025-06-10,23.0,0.871623,22.0,237.0
2025-06-11,25.0,0.89741,27.0,222.0
2025-06-12,30.0,0.925479,19.0,219.0
2025-06-13,41.0,0.941227,14.0,240.0
2025-06-14,21.0,0.905559,17.0,259.0
2025-06-15,35.0,0.915703,18.0,263.0
2025-06-16,56.0,0.882269,15.0,276.0
2025-06-17,33.0,0.87281,15.0,278.0
2025-06-18,31.0,0.896075,16.0,266.0
2025-06-19,19.0,0.948095,10.0,265.0
2025-06-20,48.0,0.965775,11.0,262.0
2025-06-21,17.0,0.910419,18.0,277.0
2025-06-22,43.0,0.962181,9.0,271.0
2025-06-23,31.0,0.922849,9.0,277.0
2025-06-24,37.0,0.920358,12.0,284.0
2025-06-25,43.0,0.967826,6.0,289.0
2025-06-26,50.0,0.947855,10.0,272.0
2025-06-27,57.0,0.958728,10.0,270.0
2025-06-28,46.0,0.967459,9.0,273.0
2025-06-29,59.0,0.956433,9.0,263.0
2025-06-30,60.0,0.956747,8.0,254.0
2025-07-01,23.0,0.980964,5.0,259.0
2025-07-02,28.0,0.970308,9.0,255.0
2025-07-03,36.0,0.934132,13.0,255.0
2025-07-04,45.0,0.930629,12.0,250.0
2025-07-05,47.0,0.906111,16.0,260.0
2025-07-06,33.0,0.931218,14.0,250.0
2025-07-07,39.0,0.934625,15.0,254.0
2025-07-08,45.0,0.95373,12.0,241.0
2025-07-09,10.0,0.965695,7.0,240.0
2025-07-10,6.0,0.968427,6.0,231.0
2025-07-11,7.0,0.975561,7.0,237.0
2025-07-12,13.0,0.973499,24.0,244.0
2025-07-13,25.0,0.907216,20.0,235.0
2025-07-14,24.0,0.926512,18.0,225.0
2025-07-15,22.0,0.936225,15.0,212.0
2025-07-16,26.0,0.908384,18.0,205.0
2025-07-17,36.0,0.892423,19.0,215.0
2025-07-18,36.0,0.834607,27.0,228.0
2025-07-19,36.0,0.837582,27.0,223.0
2025-07-20,36.0,0.833938,24.0,234.0
2025-07-21,37.0,0.820485,27.0,231.0
2025-07-22,44.0,0.798364,28.0,228.0
2025-07-23,53.0,0.881378,19.0,220.0
2025-07-24,37.0,0.903403,25.0,190.0
2025-07-25,44.0,0.901904,22.0,193.0
2025-07-26,42.0,0.909254,23.0,198.0
2025-07-27,48.0,0.90094,22.0,208.0
2025-07-28,39.0,0.906756,21.0,205.0
2025-07-29,39.0,0.89737,20.0,200.0
2025-07-30,37.0,0.887401,20.0,196.0
2025-07-31,30.0,0.920792,16.0,222.0
2025-08-01,34.0,0.866665,20.0,246.0
2025-08-02,23.0,0.895032,16.0,241.0
2025-08-03,33.0,0.874097,20.0,251.0
2025-08-04,31.0,0.945733,13.0,310.0
2025-08-05,25.0,0.95346,13.0,301.0
2025-08-06,20.0,0.943476,13.0,296.0
2025-08-07,28.0,0.944561,12.0,309.0
2025-08-08,16.0,0.949083,12.0,315.0
2025-08-09,17.0,0.94386,13.0,317.0
2025-08-10,22.0,0.924855,15.0,338.0
2025-08-11,20.0,0.927544,15.0,342.0
2025-08-12,17.0,0.946221,11.0,342.0
2025-08-13,14.0,0.933804,13.0,350.0
2025-08-14,35.0,0.939384,11.0,340.0
2025-08-15,30.0,0.956422,10.0,334.0
2025-08-16,29.0,0.960396,8.0,332.0
2025-08-17,26.0,0.957923,8.0,340.0
2025-08-18,15.0,0.961503,8.0,327.0
2025-08-19,15.0,0.966832,8.0,322.0
2025-08-20,31.0,0.961909,11.0,314.0
2025-08-21,16.0,0.969508,11.0,312.0
2025-08-22,41.0,0.964863,12.0,249.0
2025-08-23,53.0,0.950843,14.0,272.0
2025-08-24,50.0,0.94992,14.0,274.0
2025-08-25,45.0,0.960712,10.0,248.0
2025-08-26,47.0,0.968742,10.0,236.0
2025-08-27,38.0,0.981374,8.0,235.0
2025-08-28,48.0,0.940812,13.0,260.0
2025-08-29,40.0,0.945048,10.0,246.0
2025-08-30,31.0,0.989106,7.0,241.0
2025-08-31,16.0,0.957796,11.0,222.0
2025-09-01,18.0,0.948672,12.0,222.0
2025-09-02,27.0,0.931281,16.0,225.0
2025-09-03,20.0,0.914721,13.0,263.0
2025-09-04,20.0,0.923175,12.0,255.0
2025-09-05,23.0,0.901673,16.0,251.0
2025-09-06,23.0,0.886412,21.0,266.0
2025-09-07,27.0,0.92667,14.0,267.0
2025-09-08,16.0,0.954206,11.0,266.0
2025-09-09,16.0,0.962806,10.0,251.0
2025-09-10,8.0,0.965423,8.0,248.0
2025-09-11,10.0,0.948377,11.0,256.0
2025-09-12,19.0,0.960779,9.0,255.0
2025-09-13,9.0,0.941552,11.0,257.0
2025-09-14,16.0,0.900555,16.0,281.0
2025-09-15,18.0,0.9103,15.0,277.0
2025-09-16,22.0,0.943658,7.0,268.0
2025-09-17,39.0,0.914247,16.0,269.0
2025-09-18,41.0,0.947361,11.0,274.0
2025-09-19,51.0,0.953712,9.0,287.0
2025-09-20,39.0,0.961599,10.0,284.0
2025-09-21,15.0,0.930214,14.0,248.0
2025-09-22,35.0,0.934897,16.0,236.0
2025-09-23,45.0,0.941869,14.0,230.0
2025-09-24,22.0,0.955661,16.0,209.0
2025-09-25,34.0,0.898635,22.0,220.0
2025-09-26,24.0,0.935712,13.0,216.0
2025-09-27,17.0,0.946478,12.0,221.0
2025-09-28,42.0,0.935904,11.0,226.0
2025-09-29,26.0,0.953595,10.0,209.0
2025-09-30,30.0,0.955346,11.0,203.0
2025-10-01,39.0,0.981889,12.0,204.0
2025-10-02,25.0,0.977923,11.0,194.0
2025-10-03,37.0,0.968077,16.0,190.0
2025-10-04,43.0,0.924879,24.0,202.0
2025-10-05,40.0,0.894683,24.0,222.0
2025-10-06,44.0,0.907522,25.0,225.0
2025-10-07,44.0,0.914049,26.0,216.0
2025-10-08,47.0,0.910825,24.0,221.0
2025-10-09,43.0,0.886721,23.0,227.0
2025-10-10,15.0,0.916208,11.0,282.0
2025-10-11,35.0,0.894442,13.0,289.0
2025-10-12,36.0,0.904871,13.0,291.0
2025-10-13,46.0,0.867493,16.0,318.0
2025-10-14,19.0,0.888008,14.0,314.0
2025-10-15,23.0,0.890563,16.0,302.0
2025-10-16,30.0,0.896515,18.0,292.0
2025-10-17,36.0,0.87844,20.0,296.0
2025-10-18,28.0,0.885101,19.0,301.0
2025-10-19,27.0,0.897151,20.0,309.0
2025-10-20,29.0,0.934449,16.0,308.0
2025-10-21,29.0,0.948579,15.0,299.0
2025-10-22,30.0,0.951309,16.0,298.0
2025-10-23,13.0,0.952823,15.0,312.0
2025-10-24,17.0,0.955098,15.0,319.0
2025-10-25,18.0,0.936971,17.0,326.0
2025-10-26,17.0,0.955332,18.0,344.0
2025-10-27,16.0,0.956844,15.0,334.0
2025-10-28,16.0,0.963663,14.0,325.0
2025-10-29,8.0,0.97959,10.0,322.0
2025-10-30,47.0,0.967165,10.0,296.0
2025-10-31,35.0,0.958627,12.0,296.0
2025-11-01,41.0,0.963628,11.0,303.0
2025-11-02,42.0,0.96679,10.0,306.0
2025-11-03,45.0,0.961456,11.0,304.0
2025-11-04,46.0,0.967107,10.0,308.0
2025-11-05,28.0,0.951807,12.0,308.0
2025-11-06,32.0,0.950146,10.0,304.0
2025-11-07,34.0,0.939057,15.0,315.0
2025-11-08,18.0,0.932701,17.0,316.0
2025-11-09,25.0,0.821576,22.0,239.0
2025-11-10,25.0,0.852434,21.0,245.0
2025-11-11,29.0,0.872453,20.0,244.0
2025-11-12,31.0,0.848854,26.0,230.0
2025-11-13,33.0,0.916466,14.0,222.0
2025-11-14,32.0,0.90209,14.0,226.0
2025-11-15,35.0,0.881743,18.0,233.0
2025-11-16,28.0,0.935299,12.0,237.0
2025-11-17,24.0,0.948445,11.0,225.0
2025-11-18,27.0,0.927265,11.0,231.0
2025-11-19,24.0,0.922819,13.0,213.0
2025-11-20,31.0,0.962253,9.0,226.0
2025-11-21,13.0,0.938996,8.0,222.0
2025-11-22,13.0,0.931628,8.0,217.0
2025-11-23,14.0,0.920485,10.0,218.0
2025-11-24,26.0,0.897161,15.0,221.0
2025-11-25,30.0,0.894828,15.0,230.0
2025-11-26,30.0,0.885808,15.0,249.0
2025-11-27,27.0,0.893996,13.0,247.0
2025-11-28,26.0,0.904996,15.0,260.0
2025-11-29,32.0,0.936819,21.0,256.0
2025-11-30,25.0,0.911902,22.0,264.0
2025-12-01,25.0,0.944787,21.0,250.0
2025-12-02,35.0,0.943724,22.0,242.0
2025-12-03,16.0,0.965004,17.0,234.0
2025-12-04,32.0,0.925764,22.0,237.0
2025-12-05,25.0,0.963793,15.0,222.0
2025-12-06,19.0,0.910864,19.0,244.0
2025-12-07,26.0,0.890602,21.0,249.0
2025-12-08,20.0,0.88192,21.0,251.0
2025-12-09,20.0,0.911028,19.0,238.0
2025-12-10,40.0,0.913266,17.0,226.0
2025-12-11,36.0,0.832881,17.0,256.0
2025-12-12,29.0,0.907389,14.0,247.0
2025-12-13,39.0,0.883625,17.0,237.0
2025-12-14,35.0,0.860582,17.0,246.0
2025-12-15,31.0,0.861072,16.0,240.0
2025-12-16,37.0,0.868193,16.0,231.0
2025-12-17,35.0,0.858355,16.0,225.0
2025-12-18,28.0,0.913489,21.0,212.0
2025-12-19,31.0,0.919528,19.0,211.0
2025-12-20,29.0,0.883284,22.0,215.0
2025-12-21,39.0,0.842832,27.0,231.0
2025-12-22,26.0,0.889569,20.0,213.0
2025-12-23,31.0,0.926196,28.0,209.0
2025-12-24,29.0,0.92185,16.0,202.0
2025-12-25,37.0,0.901398,19.0,201.0
2025-12-26,16.0,0.945239,13.0,189.0
2025-12-27,21.0,0.916038,18.0,199.0
2025-12-28,22.0,0.913398,20.0,195.0
2025-12-29,23.0,0.918295,19.0,182.0
2025-12-30,26.0,0.915565,21.0,181.0
2025-12-31,33.0,0.902812,21.0,178.0
2026-01-01,30.0,0.883091,21.0,179.0
2026-01-02,29.0,0.899088,24.0,181.0
2026-01-03,24.0,0.886255,22.0,190.0
2026-01-04,20.0,0.842107,25.0,197.0
2026-01-05,55.0,0.876564,35.0,200.0
2026-01-06,37.0,0.873634,28.0,202.0
2026-01-07,38.0,0.832789,29.0,203.0
2026-01-08,44.0,0.851275,29.0,207.0
2026-01-09,33.0,0.84206,18.0,218.0
2026-01-10,47.0,0.814786,28.0,221.0
2026-01-11,42.0,0.805506,28.0,218.0
2026-01-12,37.0,0.838904,27.0,214.0
2026-01-13,36.0,0.868281,38.0,199.0
2026-01-14,30.0,0.906394,18.0,195.0
2026-01-15,27.0,0.931957,31.0,179.0
2026-01-16,35.0,0.874995,21.0,200.0
2026-01-17,34.0,0.832611,27.0,201.0
2026-01-18,34.0,0.805408,28.0,202.0
2026-01-19,31.0,0.816092,26.0,199.0
2026-01-20,21.0,0.914801,19.0,223.0
2026-01-21,29.0,0.870898,24.0,226.0
2026-01-22,29.0,0.918788,27.0,228.0
2026-01-23,43.0,0.903956,15.0,236.0
2026-01-24,43.0,0.903952,15.0,236.0
2026-01-25,15.0,0.89612,15.0,239.0
2026-01-26,22.0,0.877422,15.0,228.0
2026-01-27,24.0,0.873602,15.0,224.0
2026-01-28,16.0,0.927395,16.0,235.0
2026-01-29,21.0,0.922749,20.0,218.0
2026-01-30,23.0,0.930891,21.0,205.0
2026-01-31,20.0,0.935254,20.0,196.0
2026-02-01,24.0,0.936273,21.0,201.0
2026-02-02,30.0,0.94508,14.0,232.0
2026-02-03,32.0,0.955279,16.0,218.0
2026-02-04,31.0,0.981231,12.0,193.0
2026-02-05,26.0,0.976704,15.0,191.0
2026-02-06,9.0,0.927187,13.0,221.0
2026-02-07,11.0,0.926875,15.0,229.0
2026-02-08,14.0,0.930449,17.0,220.0
2026-02-09,17.0,0.932612,17.0,213.0
2026-02-10,15.0,0.942468,16.0,201.0
2026-02-11,33.0,0.913506,18.0,202.0
2026-02-12,39.0,0.91502,22.0,199.0
2026-02-13,42.0,0.903577,22.0,206.0
2026-02-14,43.0,0.893146,22.0,212.0
2026-02-15,57.0,0.895408,24.0,216.0
2026-02-16,50.0,0.896701,24.0,215.0
2026-02-17,47.0,0.903047,25.0,213.0
2026-02-18,47.0,0.893671,20.0,215.0
2026-02-19,35.0,0.944321,17.0,198.0
2026-02-20,29.0,0.918614,24.0,210.0
2026-02-21,47.0,0.891893,23.0,220.0
2026-02-22,59.0,0.911969,22.0,215.0
2026-02-23,21.0,0.918883,24.0,217.0
2026-02-24,19.0,0.905968,23.0,215.0
2026-02-25,48.0,0.896321,22.0,232.0
2026-02-26,41.0,0.945773,20.0,226.0
2026-02-27,37.0,0.918358,24.0,229.0
2026-02-28,36.0,0.938852,20.0,251.0
2026-03-01,33.0,0.928168,22.0,258.0
2026-03-02,47.0,0.820263,29.0,256.0
2026-03-03,39.0,0.804628,27.0,259.0
2026-03-04,62.0,0.854227,26.0,258.0
2026-03-05,37.0,0.832968,20.0,277.0
2026-03-06,37.0,0.820206,20.0,265.0
2026-03-07,44.0,0.809417,24.0,292.0
2026-03-08,40.0,0.779377,26.0,284.0
2026-03-09,40.0,0.810644,25.0,282.0
2026-03-10,37.0,0.738803,28.0,288.0
2026-03-11,36.0,0.685352,29.0,282.0
2026-03-12,36.0,0.759196,27.0,269.0
2026-03-13,36.0,0.733494,27.0,281.0
2026-03-14,31.0,0.786166,20.0,289.0
2026-03-15,27.0,0.757998,22.0,299.0
2026-03-16,30.0,0.717747,31.0,306.0
2026-03-17,29.0,0.762668,27.0,305.0
2026-03-18,24.0,0.802208,24.0,311.0
2026-03-19,37.0,0.705916,24.0,328.0
2026-03-20,28.0,0.77282,23.0,344.0
2026-03-21,32.0,0.752188,23.0,351.0
2026-03-22,28.0,0.698725,26.0,354.0
2026-03-23,31.0,0.746912,26.0,378.0
2026-03-24,28.0,0.777778,23.0,372.0
2026-03-25,23.0,0.85109,21.0,366.0
2026-03-26,29.0,0.870506,27.0,370.0
2026-03-27,33.0,0.884266,28.0,365.0
2026-03-28,32.0,0.890809,27.0,369.0
2026-03-29,30.0,0.886646,31.0,393.0
2026-03-30,21.0,0.909749,21.0,391.0
2026-03-31,26.0,0.939351,13.0,400.0
2026-04-01,21.0,0.859039,32.0,418.0
2026-04-02,14.0,0.904742,18.0,397.0
2026-04-03,9.0,0.832812,29.0,406.0
2026-04-04,29.0,0.746999,33.0,430.0
2026-04-05,36.0,0.756749,33.0,422.0
2026-04-06,34.0,0.763766,33.0,421.0
2026-04-07,31.0,0.773274,33.0,411.0
2026-04-08,77.0,0.857723,12.0,469.0
2026-04-09,62.0,0.921566,10.0,441.0
2026-04-10,66.0,0.905955,11.0,437.0
2026-04-11,53.0,0.859944,15.0,435.0
2026-04-12,49.0,0.845646,17.0,431.0
2026-04-13,49.0,0.875454,15.0,410.0
2026-04-14,5.0,0.887374,12.0,424.0
2026-04-15,5.0,0.91755,8.0,427.0
2026-04-16,3.0,0.903301,9.0,420.0
2026-04-17,10.0,0.890338,10.0,425.0
2026-04-18,6.0,0.903729,10.0,402.0
2026-04-19,3.0,0.971518,3.0,442.0
2026-04-20,3.0,0.970009,3.0,446.0
2026-04-21,2.0,0.984158,2.0,419.0
2026-04-22,3.0,0.979763,3.0,432.0
2026-04-23,1.0,0.994726,1.0,434.0
2026-04-24,1.0,0.99469,1.0,433.0
2026-04-25,2.0,0.98535,2.0,396.0
2026-04-26,5.0,0.976561,4.0,386.0
2026-04-27,6.0,0.960231,5.0,384.0
2026-04-28,5.0,0.961097,5.0,375.0
2026-04-29,3.0,0.995877,2.0,400.0
2026-04-30,1.0,0.994642,1.0,390.0
2026-05-01,4.0,0.973968,7.0,357.0
2026-05-02,4.0,0.964289,8.0,371.0
2026-05-03,5.0,0.961448,9.0,370.0
2026-05-04,5.0,0.976611,5.0,373.0
2026-05-05,4.0,0.981507,5.0,354.0
2026-05-06,4.0,0.975863,5.0,371.0
2026-05-07,4.0,0.981488,5.0,368.0
2026-05-08,23.0,0.953251,16.0,297.0
2026-05-09,20.0,0.951966,17.0,303.0
2026-05-10,24.0,0.940648,16.0,318.0
2026-05-11,30.0,0.939526,20.0,312.0
2026-05-12,44.0,0.937904,19.0,314.0
2026-05-13,33.0,0.972317,13.0,294.0
2026-05-14,21.0,0.969792,6.0,319.0
2026-05-15,13.0,0.964752,15.0,309.0
2026-05-16,20.0,0.959454,15.0,311.0
2026-05-17,22.0,0.92741,22.0,316.0
