date,n_symbols,L1_H1,n_unb,n_edges,balance_rate
2021-06-19,0,,,0,
2021-06-20,29,1.117813,13.0,81,0.7547
2021-06-21,29,1.047156,12.0,78,0.76
2021-06-22,29,1.078575,17.0,86,0.7069
2021-06-23,38,1.40256,30.0,153,0.7414
2021-06-24,38,1.491921,17.0,148,0.8468
2021-06-25,38,1.6158,32.0,147,0.7091
2021-06-26,38,1.744263,34.0,150,0.6991
2021-06-27,38,1.540322,34.0,162,0.728
2021-06-28,38,1.597122,33.0,154,0.7179
2021-06-29,38,1.447129,28.0,150,0.7522
2021-06-30,38,1.689922,34.0,154,0.7094
2021-07-01,38,2.030199,30.0,156,0.7479
2021-07-02,38,2.139621,34.0,166,0.7364
2021-07-03,38,1.956309,41.0,169,0.6894
2021-07-04,38,1.866828,41.0,179,0.7113
2021-07-05,38,1.732617,30.0,154,0.7436
2021-07-06,38,1.994355,32.0,150,0.7168
2021-07-07,38,1.959132,28.0,136,0.72
2021-07-08,38,1.555914,32.0,154,0.7265
2021-07-09,38,1.781872,28.0,144,0.7383
2021-07-10,38,1.782636,25.0,150,0.7788
2021-07-11,38,1.882851,29.0,159,0.7623
2021-07-12,38,1.740038,26.0,153,0.7759
2021-07-13,38,1.906495,19.0,136,0.8081
2021-07-14,38,2.144472,31.0,128,0.6593
2021-07-15,38,1.969408,25.0,132,0.7368
2021-07-16,38,1.685437,31.0,141,0.7019
2021-07-17,38,1.757235,37.0,143,0.6509
2021-07-18,38,1.51045,27.0,142,0.7429
2021-07-19,38,1.490422,35.0,170,0.7368
2021-07-20,38,1.630639,30.0,171,0.7761
2021-07-21,38,1.331019,24.0,186,0.8389
2021-07-22,38,1.162666,19.0,187,0.8733
2021-07-23,38,1.130107,30.0,184,0.7959
2021-07-24,38,1.07159,29.0,203,0.8253
2021-07-25,38,1.325893,27.0,204,0.8383
2021-07-26,38,1.782782,25.0,178,0.8227
2021-07-27,38,1.600161,27.0,180,0.8112
2021-07-28,38,1.340732,30.0,191,0.8052
2021-07-29,38,1.209818,26.0,200,0.8405
2021-07-30,38,0.969144,42.0,203,0.747
2021-07-31,38,1.083232,34.0,213,0.8068
2021-08-01,38,1.165321,43.0,220,0.765
2021-08-02,38,1.329242,42.0,213,0.7614
2021-08-03,38,1.176611,31.0,195,0.8038
2021-08-04,38,1.11291,32.0,200,0.8037
2021-08-05,38,1.414498,34.0,199,0.7901
2021-08-06,38,1.529868,32.0,184,0.7823
2021-08-07,38,1.638101,27.0,173,0.8015
2021-08-08,38,1.642043,25.0,188,0.8344
2021-08-09,38,1.556197,21.0,186,0.8591
2021-08-10,38,1.472104,21.0,190,0.8627
2021-08-11,38,1.476112,32.0,200,0.8037
2021-08-12,38,1.273909,25.0,194,0.8408
2021-08-13,38,1.037244,23.0,197,0.8562
2021-08-14,38,0.959196,26.0,200,0.8405
2021-08-15,38,0.872524,24.0,202,0.8545
2021-08-16,38,0.851858,18.0,203,0.8916
2021-08-17,38,0.875422,30.0,194,0.8089
2021-08-18,38,1.396177,33.0,176,0.7626
2021-08-19,38,1.641146,28.0,175,0.7971
2021-08-20,38,1.498224,37.0,167,0.7154
2021-08-21,38,1.480687,42.0,164,0.6693
2021-08-22,38,1.629364,38.0,175,0.7246
2021-08-23,38,1.438837,27.0,170,0.797
2021-08-24,38,1.200702,33.0,160,0.7317
2021-08-25,38,1.065589,23.0,171,0.8284
2021-08-26,38,1.339452,29.0,174,0.7883
2021-08-27,38,1.054741,25.0,180,0.8252
2021-08-28,38,1.346787,34.0,185,0.7703
2021-08-29,38,1.358118,34.0,173,0.75
2021-08-30,38,1.175391,35.0,179,0.7535
2021-08-31,38,1.178479,28.0,173,0.7941
2021-09-01,38,1.181797,46.0,178,0.6738
2021-09-02,38,0.988606,34.0,172,0.7481
2021-09-03,38,0.94641,24.0,177,0.8286
2021-09-04,38,0.764755,20.0,178,0.8582
2021-09-05,38,0.953812,15.0,174,0.8905
2021-09-06,38,0.995708,13.0,167,0.9
2021-09-07,38,0.959715,11.0,162,0.912
2021-09-08,38,1.0941,22.0,164,0.8268
2021-09-09,38,1.00088,24.0,167,0.8154
2021-09-10,38,1.071999,27.0,167,0.7923
2021-09-11,38,1.057366,43.0,176,0.6906
2021-09-12,38,1.047314,35.0,182,0.7586
2021-09-13,38,0.985147,49.0,176,0.6475
2021-09-14,38,1.041786,25.0,172,0.8148
2021-09-15,38,1.342319,23.0,164,0.8189
2021-09-16,38,1.251251,27.0,180,0.8112
2021-09-17,38,0.805891,24.0,183,0.8356
2021-09-18,38,1.245964,36.0,186,0.7584
2021-09-19,38,1.43299,31.0,198,0.8075
2021-09-20,38,1.392972,38.0,198,0.764
2021-09-21,38,1.272165,31.0,196,0.805
2021-09-22,38,1.028629,22.0,202,0.8667
2021-09-23,38,1.252162,17.0,196,0.8931
2021-09-24,38,1.174955,22.0,189,0.8553
2021-09-25,38,1.265919,26.0,196,0.8365
2021-09-26,38,1.179216,34.0,199,0.7901
2021-09-27,38,1.36015,21.0,181,0.8542
2021-09-28,38,1.383627,22.0,190,0.8562
2021-09-29,38,1.312617,27.0,190,0.8235
2021-09-30,38,0.956058,33.0,202,0.8
2021-10-01,38,1.03916,14.0,189,0.9079
2021-10-02,38,0.96228,23.0,198,0.8571
2021-10-03,38,1.304581,13.0,205,0.9226
2021-10-04,38,1.24652,16.0,190,0.8954
2021-10-05,38,1.350437,17.0,191,0.8896
2021-10-06,38,1.360086,17.0,188,0.8874
2021-10-07,38,1.335835,20.0,188,0.8675
2021-10-08,38,1.219958,17.0,184,0.8844
2021-10-09,38,1.190941,20.0,186,0.8658
2021-10-10,38,1.267661,21.0,191,0.8636
2021-10-11,38,1.501278,30.0,189,0.8026
2021-10-12,38,1.362097,27.0,187,0.82
2021-10-13,38,1.256506,24.0,191,0.8442
2021-10-14,38,1.178617,28.0,195,0.8228
2021-10-15,38,1.021312,24.0,202,0.8545
2021-10-16,38,1.08162,27.0,212,0.8457
2021-10-17,38,0.834221,26.0,213,0.8523
2021-10-18,38,0.929264,25.0,203,0.8494
2021-10-19,38,1.005985,16.0,188,0.894
2021-10-20,38,1.505768,17.0,150,0.8496
2021-10-21,38,1.052125,24.0,161,0.8065
2021-10-22,38,1.381095,25.0,171,0.8134
2021-10-23,38,1.473693,29.0,170,0.782
2021-10-24,38,1.360251,28.0,174,0.7956
2021-10-25,38,1.472844,13.0,162,0.896
2021-10-26,38,1.629675,23.0,157,0.8083
2021-10-27,38,1.279548,24.0,171,0.8209
2021-10-28,38,1.584067,27.0,152,0.7652
2021-10-29,38,1.510671,29.0,152,0.7478
2021-10-30,38,1.821542,37.0,160,0.6992
2021-10-31,38,1.799652,34.0,169,0.7424
2021-11-01,38,1.910067,28.0,170,0.7895
2021-11-02,38,1.66716,34.0,169,0.7424
2021-11-03,38,1.713105,26.0,165,0.7969
2021-11-04,38,1.412263,25.0,153,0.7845
2021-11-05,38,1.455587,29.0,163,0.7698
2021-11-06,38,1.624717,45.0,171,0.6642
2021-11-07,38,1.539831,44.0,174,0.6788
2021-11-08,38,1.81035,37.0,160,0.6992
2021-11-09,38,1.431651,23.0,157,0.8083
2021-11-10,38,1.660806,26.0,157,0.7833
2021-11-11,38,1.575674,26.0,151,0.7719
2021-11-12,38,1.592486,29.0,153,0.75
2021-11-13,38,1.683024,34.0,157,0.7167
2021-11-14,38,1.826219,35.0,151,0.693
2021-11-15,38,1.816871,33.0,147,0.7
2021-11-16,38,1.737192,31.0,143,0.7075
2021-11-17,38,2.183703,33.0,144,0.6916
2021-11-18,38,2.127014,32.0,151,0.7193
2021-11-19,38,1.930717,29.0,157,0.7583
2021-11-20,38,2.249482,33.0,146,0.6972
2021-11-21,38,2.406292,30.0,152,0.7391
2021-11-22,38,2.379191,34.0,149,0.6964
2021-11-23,38,2.532612,35.0,152,0.6957
2021-11-24,38,2.133348,34.0,148,0.6937
2021-11-25,38,2.228727,37.0,152,0.6783
2021-11-26,38,1.264542,26.0,177,0.8143
2021-11-27,38,1.220602,28.0,202,0.8303
2021-11-28,38,1.073463,30.0,203,0.8193
2021-11-29,38,0.993934,22.0,203,0.8675
2021-11-30,38,1.068807,20.0,194,0.8726
2021-12-01,38,1.207587,26.0,204,0.8443
2021-12-02,38,1.247038,22.0,215,0.8764
2021-12-03,38,0.994559,18.0,229,0.9062
2021-12-04,38,1.089717,24.0,238,0.8806
2021-12-05,38,1.176101,32.0,235,0.8384
2021-12-06,38,1.585284,31.0,235,0.8434
2021-12-07,38,1.208361,37.0,236,0.8141
2021-12-08,38,0.829015,31.0,247,0.8524
2021-12-09,38,1.056251,26.0,254,0.8802
2021-12-10,38,0.983812,15.0,273,0.9364
2021-12-11,38,1.250191,18.0,280,0.9259
2021-12-12,38,0.998384,22.0,282,0.9102
2021-12-13,38,1.000795,35.0,277,0.8542
2021-12-14,38,1.017958,18.0,267,0.9217
2021-12-15,38,1.068641,25.0,263,0.8894
2021-12-16,38,0.907225,22.0,253,0.8981
2021-12-17,38,0.587261,23.0,253,0.8935
2021-12-18,38,0.766314,31.0,253,0.8565
2021-12-19,38,0.713502,14.0,266,0.9389
2021-12-20,38,0.699007,17.0,267,0.9261
2021-12-21,38,0.729658,18.0,270,0.9227
2021-12-22,38,0.529885,25.0,282,0.898
2021-12-23,38,0.564577,42.0,282,0.8286
2021-12-24,38,0.528508,25.0,299,0.9046
2021-12-25,38,0.698268,47.0,304,0.824
2021-12-26,38,1.243322,36.0,253,0.8333
2021-12-27,38,1.190244,38.0,255,0.8257
2021-12-28,38,1.001494,42.0,245,0.7981
2021-12-29,38,0.624681,17.0,240,0.9163
2021-12-30,38,0.623511,20.0,260,0.9103
2021-12-31,38,0.690164,18.0,258,0.9186
2022-01-01,38,0.951192,13.0,257,0.9409
2022-01-02,38,1.301638,30.0,254,0.8618
2022-01-03,38,1.383488,36.0,241,0.8235
2022-01-04,38,1.434797,40.0,239,0.802
2022-01-05,38,0.870387,32.0,250,0.8505
2022-01-06,38,1.03179,25.0,231,0.8718
2022-01-07,38,1.135462,42.0,232,0.7857
2022-01-08,38,1.187737,44.0,243,0.7874
2022-01-09,38,1.272269,37.0,248,0.8255
2022-01-10,38,1.273093,36.0,244,0.8269
2022-01-11,38,1.32902,35.0,246,0.8333
2022-01-12,38,1.325668,12.0,259,0.9459
2022-01-13,38,1.316118,36.0,253,0.8333
2022-01-14,38,1.427123,25.0,246,0.8804
2022-01-15,38,1.351594,13.0,257,0.9409
2022-01-16,38,1.580947,40.0,253,0.8148
2022-01-17,38,1.589477,38.0,243,0.8164
2022-01-18,38,1.268193,21.0,243,0.8981
2022-01-19,38,1.497008,33.0,229,0.8281
2022-01-20,38,2.228785,44.0,213,0.75
2022-01-21,38,1.554463,26.0,205,0.8452
2022-01-22,38,1.710205,31.0,209,0.8198
2022-01-23,38,1.527379,32.0,209,0.814
2022-01-24,38,0.937581,25.0,213,0.858
2022-01-25,38,0.948154,23.0,192,0.8516
2022-01-26,38,1.031742,18.0,192,0.8839
2022-01-27,38,0.834564,29.0,203,0.8253
2022-01-28,38,0.968977,35.0,198,0.7826
2022-01-29,38,1.097931,42.0,199,0.7407
2022-01-30,38,1.469202,35.0,210,0.7977
2022-01-31,38,1.488939,34.0,209,0.8023
2022-02-01,38,1.156881,29.0,213,0.8352
2022-02-02,38,1.362715,33.0,225,0.8245
2022-02-03,38,1.084643,31.0,232,0.841
2022-02-04,38,0.951631,29.0,222,0.8432
2022-02-05,38,1.00398,15.0,222,0.9189
2022-02-06,38,0.977692,20.0,241,0.902
2022-02-07,38,0.867168,18.0,229,0.9062
2022-02-08,38,0.928012,11.0,213,0.9375
2022-02-09,38,1.278888,14.0,239,0.9307
2022-02-10,38,1.115951,9.0,219,0.9505
2022-02-11,38,1.444276,22.0,205,0.869
2022-02-12,38,1.397706,26.0,216,0.8547
2022-02-13,38,1.324293,18.0,237,0.91
2022-02-14,38,1.298891,32.0,230,0.8342
2022-02-15,38,1.568579,12.0,228,0.9372
2022-02-16,38,1.459628,10.0,225,0.9468
2022-02-17,38,1.383624,26.0,226,0.8624
2022-02-18,38,1.083422,38.0,227,0.8
2022-02-19,38,0.9252,30.0,250,0.8592
2022-02-20,38,0.918633,20.0,255,0.9083
2022-02-21,38,0.876136,17.0,239,0.9158
2022-02-22,38,0.929033,15.0,235,0.9242
2022-02-23,38,1.215072,29.0,214,0.8362
2022-02-24,38,1.089838,35.0,231,0.8196
2022-02-25,38,0.919628,20.0,240,0.9015
2022-02-26,38,1.013944,43.0,247,0.7952
2022-02-27,38,0.961235,48.0,264,0.7885
2022-02-28,38,1.009771,45.0,262,0.8
2022-03-01,38,1.310439,33.0,247,0.8429
2022-03-02,38,1.38783,28.0,236,0.8593
2022-03-03,38,1.35263,41.0,228,0.7853
2022-03-04,38,1.323642,26.0,241,0.8725
2022-03-05,38,1.167333,32.0,247,0.8476
2022-03-06,38,1.113956,38.0,258,0.8281
2022-03-07,38,1.221859,25.0,271,0.8932
2022-03-08,38,1.114085,19.0,249,0.9104
2022-03-09,38,0.82556,42.0,298,0.8391
2022-03-10,38,0.807211,15.0,290,0.9407
2022-03-11,38,0.853819,24.0,301,0.9091
2022-03-12,38,0.875782,39.0,310,0.8571
2022-03-13,38,0.860785,46.0,333,0.8446
2022-03-14,38,0.804719,32.0,302,0.8792
2022-03-15,38,0.923204,26.0,295,0.8992
2022-03-16,38,0.82684,29.0,309,0.8934
2022-03-17,38,0.775443,26.0,295,0.8992
2022-03-18,38,0.832221,40.0,285,0.8387
2022-03-19,38,0.843288,31.0,297,0.8808
2022-03-20,38,0.873176,31.0,303,0.8835
2022-03-21,38,0.899885,28.0,294,0.8911
2022-03-22,38,0.74111,32.0,296,0.8764
2022-03-23,38,0.685807,32.0,299,0.8779
2022-03-24,38,0.775191,36.0,296,0.861
2022-03-25,38,0.826416,34.0,299,0.8702
2022-03-26,38,1.048199,28.0,291,0.8898
2022-03-27,38,1.125098,40.0,286,0.8394
2022-03-28,38,1.099973,40.0,286,0.8394
2022-03-29,38,1.070371,39.0,287,0.844
2022-03-30,38,1.220924,40.0,303,0.8496
2022-03-31,38,1.196882,20.0,306,0.9257
2022-04-01,38,1.164308,21.0,327,0.9276
2022-04-02,38,0.952836,15.0,330,0.9488
2022-04-03,38,1.053588,23.0,299,0.9122
2022-04-04,38,1.022642,25.0,276,0.8954
2022-04-05,38,1.19787,40.0,278,0.834
2022-04-06,38,1.029077,30.0,235,0.8485
2022-04-07,38,0.925418,28.0,247,0.8667
2022-04-08,38,1.131145,18.0,245,0.9135
2022-04-09,38,1.07909,32.0,253,0.8519
2022-04-10,38,1.303575,26.0,247,0.8762
2022-04-11,38,1.258961,32.0,239,0.8416
2022-04-12,38,1.1311,26.0,228,0.8639
2022-04-13,38,1.153927,50.0,266,0.7817
2022-04-14,38,1.211913,38.0,262,0.8311
2022-04-15,38,1.699122,34.0,219,0.8132
2022-04-16,38,1.543555,47.0,215,0.736
2022-04-17,38,1.61442,56.0,220,0.694
2022-04-18,38,1.543497,43.0,199,0.7346
2022-04-19,38,1.27714,29.0,177,0.7929
2022-04-20,38,1.323291,26.0,181,0.8194
2022-04-21,38,1.534343,23.0,171,0.8284
2022-04-22,38,1.522369,28.0,188,0.8146
2022-04-23,38,1.59973,31.0,196,0.805
2022-04-24,38,1.560959,35.0,213,0.8011
2022-04-25,38,1.338172,33.0,210,0.8092
2022-04-26,38,1.115688,34.0,184,0.7687
2022-04-27,38,0.891324,30.0,187,0.8
2022-04-28,38,1.463109,20.0,181,0.8611
2022-04-29,38,1.479621,31.0,181,0.7847
2022-04-30,38,1.368693,33.0,187,0.78
2022-05-01,38,1.375401,27.0,193,0.8269
2022-05-02,38,1.563164,20.0,185,0.8649
2022-05-03,38,1.626709,19.0,177,0.8643
2022-05-04,38,1.274361,34.0,197,0.7875
2022-05-05,38,1.28357,35.0,199,0.784
2022-05-06,38,1.030547,36.0,216,0.7989
2022-05-07,38,1.052635,39.0,213,0.7784
2022-05-08,38,1.01749,36.0,208,0.7895
2022-05-09,38,1.107634,37.0,212,0.7886
2022-05-10,38,1.038525,31.0,194,0.8025
2022-05-11,38,1.278235,28.0,201,0.8293
2022-05-12,38,1.083516,25.0,206,0.8521
2022-05-13,38,1.136787,32.0,197,0.8
2022-05-14,38,1.124898,34.0,198,0.7888
2022-05-15,38,1.123745,34.0,200,0.7914
2022-05-16,38,1.226083,32.0,202,0.8061
2022-05-17,38,1.153192,23.0,179,0.838
2022-05-18,38,1.075243,21.0,171,0.8444
2022-05-19,38,0.864245,22.0,180,0.8472
2022-05-20,38,0.902023,16.0,200,0.9024
2022-05-21,38,1.035756,17.0,205,0.8994
2022-05-22,38,1.109612,21.0,208,0.8779
2022-05-23,38,1.020278,14.0,197,0.913
2022-05-24,38,0.92857,9.0,187,0.9404
2022-05-25,38,0.742625,9.0,181,0.9375
2022-05-26,38,0.898753,12.0,195,0.9241
2022-05-27,38,0.676064,12.0,193,0.9231
2022-05-28,38,0.731622,10.0,201,0.939
2022-05-29,38,0.756427,39.0,232,0.8
2022-05-30,38,0.705773,19.0,222,0.8973
2022-05-31,38,0.663764,20.0,219,0.8901
2022-06-01,38,0.684744,21.0,217,0.8833
2022-06-02,38,0.576353,15.0,216,0.9162
2022-06-03,38,0.559789,21.0,231,0.8918
2022-06-04,38,1.000192,23.0,213,0.8693
2022-06-05,38,0.833272,23.0,218,0.8729
2022-06-06,38,0.928701,15.0,208,0.9123
2022-06-07,38,0.893841,13.0,206,0.9231
2022-06-08,38,0.952838,24.0,206,0.858
2022-06-09,38,1.254746,20.0,199,0.8765
2022-06-10,38,1.071477,24.0,199,0.8519
2022-06-11,38,1.369474,17.0,217,0.9056
2022-06-12,38,1.252644,28.0,224,0.8503
2022-06-13,38,0.937374,18.0,247,0.9143
2022-06-14,38,0.742874,13.0,237,0.935
2022-06-15,38,0.671447,8.0,232,0.959
2022-06-16,38,0.648015,30.0,203,0.8193
2022-06-17,38,1.245562,47.0,213,0.733
2022-06-18,38,1.20531,48.0,226,0.746
2022-06-19,38,1.659583,41.0,217,0.7722
2022-06-20,38,1.546676,38.0,207,0.7765
2022-06-21,38,1.316956,28.0,202,0.8303
2022-06-22,38,1.246962,25.0,192,0.8387
2022-06-23,38,1.194423,40.0,206,0.7633
2022-06-24,38,0.913896,14.0,215,0.9213
2022-06-25,38,1.235992,15.0,215,0.9157
2022-06-26,38,1.083351,13.0,218,0.9282
2022-06-27,38,1.183661,17.0,218,0.9061
2022-06-28,38,1.194564,26.0,214,0.8531
2022-06-29,38,1.201022,32.0,211,0.8161
2022-06-30,38,1.051388,32.0,214,0.8192
2022-07-01,38,0.932186,29.0,208,0.8304
2022-07-02,38,1.054778,38.0,217,0.7889
2022-07-03,38,1.193654,42.0,222,0.773
2022-07-04,38,1.122111,45.0,218,0.7514
2022-07-05,38,0.988008,23.0,205,0.8631
2022-07-06,38,1.169723,23.0,211,0.8678
2022-07-07,38,1.013441,8.0,212,0.9543
2022-07-08,38,0.852261,27.0,222,0.8541
2022-07-09,38,0.852801,6.0,227,0.9684
2022-07-10,38,0.927123,23.0,241,0.8873
2022-07-11,38,0.756918,31.0,251,0.8551
2022-07-12,38,0.939325,14.0,244,0.9324
2022-07-13,38,1.397614,30.0,227,0.8421
2022-07-14,38,1.039431,31.0,242,0.8488
2022-07-15,38,1.238747,30.0,235,0.8485
2022-07-16,38,1.284821,10.0,215,0.9438
2022-07-17,38,1.293001,16.0,227,0.9158
2022-07-18,38,1.372114,30.0,231,0.8454
2022-07-19,38,1.348916,21.0,233,0.8929
2022-07-20,38,1.130766,19.0,236,0.9045
2022-07-21,38,1.250079,26.0,231,0.866
2022-07-22,38,1.091887,32.0,233,0.8367
2022-07-23,38,1.214029,12.0,240,0.9409
2022-07-24,38,1.117287,10.0,241,0.951
2022-07-25,38,1.270478,9.0,227,0.9526
2022-07-26,38,1.240648,10.0,225,0.9468
2022-07-27,38,1.214527,17.0,209,0.9012
2022-07-28,38,1.353865,27.0,226,0.8571
2022-07-29,38,1.585163,29.0,204,0.8263
2022-07-30,38,1.772416,21.0,203,0.8735
2022-07-31,38,1.805658,21.0,216,0.8827
2022-08-01,38,1.64826,20.0,215,0.8876
2022-08-02,38,1.776282,28.0,204,0.8323
2022-08-03,38,1.325095,25.0,202,0.8485
2022-08-04,38,1.219031,39.0,198,0.7578
2022-08-05,38,1.210492,31.0,203,0.8133
2022-08-06,38,1.263342,32.0,206,0.8107
2022-08-07,38,1.458459,34.0,213,0.8068
2022-08-08,38,1.533978,27.0,207,0.8412
2022-08-09,38,1.625037,41.0,203,0.753
2022-08-10,38,1.875233,21.0,198,0.8696
2022-08-11,38,1.481087,34.0,202,0.7939
2022-08-12,38,1.49371,29.0,187,0.8067
2022-08-13,38,1.550885,30.0,168,0.771
2022-08-14,38,1.602745,37.0,185,0.75
2022-08-15,38,1.353363,27.0,185,0.8176
2022-08-16,38,1.415299,17.0,173,0.875
2022-08-17,38,1.471241,30.0,163,0.7619
2022-08-18,38,1.413899,17.0,169,0.8712
2022-08-19,38,1.38647,15.0,189,0.9013
2022-08-20,38,1.500204,11.0,195,0.9304
2022-08-21,38,1.540224,29.0,209,0.8314
2022-08-22,38,1.302871,20.0,199,0.8765
2022-08-23,38,1.521814,15.0,183,0.8973
2022-08-24,38,1.29892,17.0,189,0.8882
2022-08-25,38,1.551876,16.0,195,0.8987
2022-08-26,38,1.266143,17.0,200,0.8957
2022-08-27,38,1.279878,14.0,185,0.9054
2022-08-28,38,1.091388,26.0,199,0.8395
2022-08-29,38,1.075178,20.0,192,0.871
2022-08-30,38,1.071076,21.0,181,0.8542
2022-08-31,38,1.227664,25.0,174,0.8175
2022-09-01,38,1.168586,26.0,170,0.8045
2022-09-02,38,1.290966,18.0,185,0.8784
2022-09-03,38,1.762141,25.0,197,0.8438
2022-09-04,38,1.701175,25.0,204,0.8503
2022-09-05,38,1.580274,21.0,197,0.8688
2022-09-06,38,1.33867,34.0,193,0.7821
2022-09-07,38,1.250194,21.0,185,0.8581
2022-09-08,38,1.265349,27.0,192,0.8258
2022-09-09,38,1.087786,14.0,186,0.906
2022-09-10,38,1.290554,19.0,182,0.869
2022-09-11,38,1.081226,20.0,198,0.8758
2022-09-12,38,0.959124,29.0,193,0.8141
2022-09-13,38,0.846038,16.0,203,0.9036
2022-09-14,38,0.731774,24.0,216,0.8659
2022-09-15,38,0.625717,11.0,208,0.9357
2022-09-16,38,0.647192,18.0,227,0.9053
2022-09-17,38,0.701094,18.0,231,0.9072
2022-09-18,38,0.907385,41.0,228,0.7853
2022-09-19,38,0.977228,37.0,219,0.7967
2022-09-20,38,0.988018,35.0,208,0.7953
2022-09-21,38,1.182051,36.0,205,0.7857
2022-09-22,38,1.0095,26.0,207,0.8471
2022-09-23,38,0.784792,41.0,227,0.7842
2022-09-24,38,0.827205,19.0,249,0.9104
2022-09-25,38,0.891201,29.0,252,0.8651
2022-09-26,38,0.880911,48.0,238,0.7612
2022-09-27,38,0.902003,43.0,231,0.7784
2022-09-28,38,0.747717,36.0,219,0.8022
2022-09-29,38,0.954813,33.0,226,0.8254
2022-09-30,38,1.059215,43.0,233,0.7806
2022-10-01,38,1.343949,44.0,241,0.7843
2022-10-02,38,1.384694,40.0,242,0.8049
2022-10-03,38,1.063191,25.0,236,0.8744
2022-10-04,38,0.920393,32.0,233,0.8367
2022-10-05,38,0.640745,14.0,222,0.9243
2022-10-06,38,0.662534,16.0,215,0.9101
2022-10-07,38,0.617014,15.0,241,0.9265
2022-10-08,38,0.715614,5.0,244,0.9758
2022-10-09,38,0.98689,10.0,221,0.9457
2022-10-10,38,1.021024,6.0,221,0.9674
2022-10-11,38,1.00135,3.0,205,0.9821
2022-10-12,38,0.904344,11.0,190,0.9281
2022-10-13,38,1.047173,12.0,194,0.9236
2022-10-14,38,1.096942,18.0,201,0.8902
2022-10-15,38,1.015769,21.0,204,0.8743
2022-10-16,38,1.108808,24.0,211,0.8621
2022-10-17,38,1.05699,19.0,211,0.8908
2022-10-18,38,0.996401,23.0,212,0.8686
2022-10-19,38,0.842126,26.0,203,0.8434
2022-10-20,38,0.782419,19.0,199,0.8827
2022-10-21,38,0.934666,21.0,201,0.872
2022-10-22,38,1.185951,15.0,213,0.9148
2022-10-23,38,1.106323,30.0,198,0.8137
2022-10-24,38,1.142731,24.0,225,0.8723
2022-10-25,38,0.876201,19.0,210,0.8902
2022-10-26,38,1.305986,15.0,196,0.9057
2022-10-27,38,1.532158,16.0,195,0.8987
2022-10-28,38,1.508666,20.0,181,0.8611
2022-10-29,38,1.55244,23.0,191,0.8506
2022-10-30,38,1.636313,18.0,201,0.8902
2022-10-31,38,1.279581,44.0,195,0.7215
2022-11-01,38,1.302379,29.0,190,0.8105
2022-11-02,38,1.412038,17.0,186,0.8859
2022-11-03,38,1.536262,26.0,170,0.8045
2022-11-04,38,1.170781,31.0,181,0.7847
2022-11-05,38,0.855603,23.0,197,0.8562
2022-11-06,38,0.964739,22.0,202,0.8667
2022-11-07,38,0.775461,24.0,203,0.8554
2022-11-08,38,0.890038,14.0,189,0.9079
2022-11-09,38,0.882398,15.0,187,0.9
2022-11-10,38,1.305268,15.0,165,0.8828
2022-11-11,38,1.155579,18.0,184,0.8776
2022-11-12,38,1.081642,24.0,190,0.8431
2022-11-13,38,1.242794,22.0,200,0.865
2022-11-14,38,1.199063,20.0,196,0.8742
2022-11-15,38,1.245143,28.0,180,0.8042
2022-11-16,38,1.506848,25.0,185,0.8311
2022-11-17,38,1.498021,22.0,186,0.8523
2022-11-18,38,1.531668,31.0,187,0.7933
2022-11-19,38,1.399238,35.0,199,0.784
2022-11-20,38,1.304271,27.0,213,0.8466
2022-11-21,38,1.456006,49.0,202,0.703
2022-11-22,38,1.33019,35.0,200,0.7853
2022-11-23,38,1.372799,32.0,196,0.7987
2022-11-24,38,1.239963,15.0,195,0.9051
2022-11-25,38,1.123476,17.0,207,0.9
2022-11-26,38,1.212032,20.0,212,0.8857
2022-11-27,38,1.219767,18.0,228,0.9058
2022-11-28,38,1.262646,41.0,228,0.7853
2022-11-29,38,1.303918,24.0,216,0.8659
2022-11-30,38,1.156973,9.0,217,0.95
2022-12-01,38,1.014855,19.0,229,0.901
2022-12-02,38,1.09787,28.0,224,0.8503
2022-12-03,38,1.05209,18.0,230,0.9067
2022-12-04,38,1.074643,23.0,246,0.89
2022-12-05,38,1.287145,11.0,244,0.9469
2022-12-06,38,1.385003,12.0,237,0.94
2022-12-07,38,1.242567,14.0,245,0.9327
2022-12-08,38,1.250338,14.0,246,0.933
2022-12-09,38,1.185441,39.0,241,0.8088
2022-12-10,38,1.10566,47.0,243,0.7718
2022-12-11,38,0.993673,19.0,187,0.8733
2022-12-12,38,0.99797,17.0,187,0.8867
2022-12-13,38,1.086538,20.0,179,0.8592
2022-12-14,38,1.137139,26.0,174,0.8102
2022-12-15,38,1.122754,18.0,192,0.8839
2022-12-16,38,1.02872,24.0,205,0.8571
2022-12-17,38,1.11051,14.0,205,0.9167
2022-12-18,38,1.223429,16.0,215,0.9101
2022-12-19,38,1.035389,14.0,206,0.9172
2022-12-20,38,1.224668,14.0,192,0.9097
2022-12-21,38,1.187067,9.0,181,0.9375
2022-12-22,38,1.057335,9.0,187,0.94
2022-12-23,38,1.073113,14.0,191,0.9091
2022-12-24,38,0.919106,19.0,191,0.8766
2022-12-25,38,1.168134,25.0,201,0.8476
2022-12-26,38,1.306296,23.0,195,0.8544
2022-12-27,38,1.372793,20.0,190,0.8693
2022-12-28,38,1.285685,28.0,199,0.8272
2022-12-29,38,1.427224,19.0,194,0.879
2022-12-30,38,1.556933,23.0,168,0.8244
2022-12-31,38,1.664582,23.0,182,0.8414
2023-01-01,38,1.384704,21.0,190,0.8627
2023-01-02,38,1.394178,19.0,191,0.8766
2023-01-03,38,1.306436,18.0,192,0.8839
2023-01-04,38,1.383495,19.0,174,0.8613
2023-01-05,38,1.260082,36.0,170,0.7293
2023-01-06,38,1.622236,33.0,179,0.7676
2023-01-07,38,1.70024,40.0,183,0.726
2023-01-08,38,1.555527,40.0,198,0.7516
2023-01-09,38,1.61292,40.0,205,0.7619
2023-01-10,38,1.451642,37.0,207,0.7824
2023-01-11,38,1.201327,30.0,201,0.8171
2023-01-12,38,1.229097,39.0,191,0.7468
2023-01-13,38,1.229724,26.0,195,0.8354
2023-01-14,38,1.404611,27.0,186,0.8188
2023-01-15,38,1.506793,31.0,185,0.7905
2023-01-16,38,1.348031,28.0,182,0.8069
2023-01-17,38,1.257044,19.0,165,0.8516
2023-01-18,38,1.175181,21.0,165,0.8359
2023-01-19,38,1.102812,29.0,168,0.7786
2023-01-20,38,1.366744,35.0,173,0.7426
2023-01-21,38,1.584641,29.0,180,0.7972
2023-01-22,38,1.677228,34.0,188,0.7748
2023-01-23,38,1.568681,30.0,183,0.7945
2023-01-24,38,1.631079,32.0,177,0.7714
2023-01-25,38,1.394643,40.0,175,0.7101
2023-01-26,38,1.374683,35.0,167,0.7308
2023-01-27,38,1.236177,28.0,158,0.7686
2023-01-28,38,1.312249,31.0,164,0.7559
2023-01-29,38,1.437214,31.0,165,0.7578
2023-01-30,38,1.496295,26.0,155,0.7797
2023-01-31,38,1.358056,21.0,156,0.8235
2023-02-01,38,1.127292,23.0,159,0.8115
2023-02-02,38,1.230035,24.0,180,0.8322
2023-02-03,38,1.206034,32.0,203,0.8072
2023-02-04,38,1.072782,32.0,198,0.8012
2023-02-05,38,1.045897,40.0,204,0.7605
2023-02-06,38,0.857434,34.0,209,0.8023
2023-02-07,38,0.868586,29.0,193,0.8141
2023-02-08,38,1.162549,38.0,197,0.7625
2023-02-09,38,1.559909,25.0,184,0.8299
2023-02-10,38,1.969773,33.0,169,0.75
2023-02-11,38,1.939976,29.0,174,0.7883
2023-02-12,38,1.97223,32.0,168,0.7557
2023-02-13,38,1.865439,22.0,168,0.8321
2023-02-14,38,1.921063,27.0,154,0.7692
2023-02-15,38,1.613954,22.0,159,0.8197
2023-02-16,38,1.687809,25.0,162,0.8
2023-02-17,38,1.709764,30.0,161,0.7581
2023-02-18,38,1.631694,35.0,164,0.7244
2023-02-19,38,2.01403,29.0,164,0.7717
2023-02-20,38,1.924295,27.0,163,0.7857
2023-02-21,38,1.906098,40.0,159,0.6721
2023-02-22,38,1.622964,32.0,154,0.7265
2023-02-23,38,1.406145,24.0,157,0.8
2023-02-24,38,1.064354,33.0,165,0.7422
2023-02-25,38,1.147644,25.0,165,0.8047
2023-02-26,38,1.406588,19.0,164,0.8504
2023-02-27,38,1.340784,20.0,167,0.8462
2023-02-28,38,1.456464,16.0,159,0.8689
2023-03-01,38,1.376597,22.0,168,0.8321
2023-03-02,38,1.408871,33.0,170,0.7519
2023-03-03,38,1.215844,32.0,178,0.773
2023-03-04,38,1.347999,25.0,164,0.8031
2023-03-05,38,1.447926,29.0,182,0.8
2023-03-06,38,1.216325,41.0,178,0.7092
2023-03-07,38,1.306054,53.0,180,0.6294
2023-03-08,38,1.239284,27.0,171,0.7985
2023-03-09,38,1.022741,36.0,186,0.7584
2023-03-10,38,1.270423,41.0,185,0.723
2023-03-11,38,1.439866,50.0,201,0.6951
2023-03-12,38,1.076017,47.0,210,0.7283
2023-03-13,38,0.817368,42.0,204,0.7485
2023-03-14,38,0.920164,52.0,190,0.6601
2023-03-15,38,0.892392,46.0,198,0.7143
2023-03-16,38,1.01716,44.0,203,0.7349
2023-03-17,38,1.042078,37.0,201,0.7744
2023-03-18,38,1.129416,36.0,211,0.7931
2023-03-19,38,0.970386,46.0,215,0.7416
2023-03-20,38,1.151287,50.0,213,0.7159
2023-03-21,38,1.09768,30.0,199,0.8148
2023-03-22,38,0.951424,43.0,200,0.7362
2023-03-23,38,0.786539,41.0,206,0.7574
2023-03-24,38,0.765291,41.0,202,0.7515
2023-03-25,38,0.848263,37.0,202,0.7758
2023-03-26,38,1.070231,34.0,201,0.7927
2023-03-27,38,1.094551,34.0,200,0.7914
2023-03-28,38,0.981233,30.0,183,0.7945
2023-03-29,38,1.043992,20.0,190,0.8693
2023-03-30,38,0.998807,36.0,198,0.7764
2023-03-31,38,1.310231,21.0,189,0.8618
2023-04-01,38,1.385506,26.0,192,0.8323
2023-04-02,38,1.326834,28.0,195,0.8228
2023-04-03,38,1.132566,27.0,184,0.8163
2023-04-04,38,1.243182,31.0,181,0.7847
2023-04-05,38,1.41543,29.0,193,0.8141
2023-04-06,38,1.434378,33.0,185,0.777
2023-04-07,38,1.598457,34.0,189,0.7763
2023-04-08,38,1.558432,35.0,194,0.7771
2023-04-09,38,1.353662,41.0,213,0.767
2023-04-10,38,1.316192,40.0,198,0.7516
2023-04-11,38,1.405475,44.0,200,0.7301
2023-04-12,38,1.844313,40.0,193,0.7436
2023-04-13,38,1.568594,28.0,186,0.8121
2023-04-14,38,1.589614,24.0,175,0.8261
2023-04-15,38,1.794946,36.0,172,0.7333
2023-04-16,38,2.251471,37.0,167,0.7154
2023-04-17,38,2.117187,42.0,150,0.6283
2023-04-18,38,2.17417,45.0,146,0.5872
2023-04-19,38,1.659259,38.0,152,0.6696
2023-04-20,38,1.5439,22.0,145,0.7963
2023-04-21,38,1.359577,28.0,152,0.7565
2023-04-22,38,1.320483,23.0,155,0.8051
2023-04-23,38,1.397795,22.0,163,0.8254
2023-04-24,38,1.658593,35.0,157,0.7083
2023-04-25,38,1.512243,20.0,164,0.8425
2023-04-26,38,1.535239,26.0,177,0.8143
2023-04-27,38,1.778065,16.0,154,0.8632
2023-04-28,38,1.485605,24.0,152,0.7913
2023-04-29,38,1.546076,29.0,153,0.75
2023-04-30,38,1.688277,18.0,153,0.8448
2023-05-01,38,1.694054,19.0,156,0.8403
2023-05-02,38,1.706762,16.0,144,0.8505
2023-05-03,38,1.815342,22.0,143,0.7925
2023-05-04,38,1.877207,21.0,131,0.7766
2023-05-05,38,1.80075,34.0,156,0.7143
2023-05-06,38,1.884822,29.0,160,0.7642
2023-05-07,38,1.899171,29.0,161,0.7661
2023-05-08,38,1.875528,25.0,157,0.7917
2023-05-09,38,1.755448,19.0,153,0.8362
2023-05-10,38,1.750901,10.0,156,0.916
2023-05-11,38,2.127998,37.0,174,0.7299
2023-05-12,38,1.948486,42.0,171,0.6866
2023-05-13,38,1.753538,36.0,178,0.7447
2023-05-14,38,1.46676,44.0,194,0.7197
2023-05-15,38,1.412197,38.0,184,0.7415
2023-05-16,38,1.629702,34.0,172,0.7481
2023-05-17,38,1.728157,29.0,169,0.7803
2023-05-18,38,1.692482,30.0,175,0.7826
2023-05-19,38,1.916201,26.0,170,0.8045
2023-05-20,38,1.923391,32.0,182,0.7793
2023-05-21,38,1.953481,32.0,178,0.773
2023-05-22,38,2.034639,34.0,173,0.75
2023-05-23,38,2.053411,30.0,168,0.771
2023-05-24,38,1.826788,28.0,166,0.7829
2023-05-25,38,1.641365,27.0,168,0.7939
2023-05-26,38,2.042442,32.0,163,0.746
2023-05-27,38,1.848718,30.0,164,0.7638
2023-05-28,38,1.877127,29.0,163,0.7698
2023-05-29,38,1.841428,33.0,165,0.7422
2023-05-30,38,1.79506,28.0,152,0.7565
2023-05-31,38,1.459909,21.0,146,0.8073
2023-06-01,38,1.671667,20.0,156,0.8319
2023-06-02,38,1.350255,13.0,176,0.9065
2023-06-03,38,1.314275,19.0,181,0.8681
2023-06-04,38,1.514714,29.0,156,0.7563
2023-06-05,38,1.526238,41.0,155,0.6525
2023-06-06,38,1.490339,30.0,149,0.7321
2023-06-07,38,1.261687,30.0,143,0.717
2023-06-08,38,1.296066,31.0,146,0.7156
2023-06-09,38,1.107835,31.0,163,0.754
2023-06-10,38,0.834201,39.0,165,0.6953
2023-06-11,38,0.888597,36.0,174,0.7372
2023-06-12,38,1.323939,29.0,165,0.7734
2023-06-13,38,1.142083,33.0,164,0.7402
2023-06-14,38,1.240384,35.0,166,0.7287
2023-06-15,38,1.221943,39.0,165,0.6953
2023-06-16,38,1.221766,33.0,178,0.766
2023-06-17,38,1.405249,26.0,175,0.8116
2023-06-18,38,1.311111,25.0,174,0.8175
2023-06-19,38,1.239717,22.0,172,0.837
2023-06-20,38,1.160678,21.0,168,0.8397
2023-06-21,38,1.660897,36.0,182,0.7517
2023-06-22,38,1.480397,28.0,171,0.791
2023-06-23,38,1.345962,14.0,187,0.9067
2023-06-24,38,1.633826,15.0,202,0.9091
2023-06-25,38,1.790161,16.0,208,0.9064
2023-06-26,38,1.489406,15.0,201,0.9085
2023-06-27,38,1.638564,31.0,191,0.7987
2023-06-28,38,1.692838,38.0,201,0.7683
2023-06-29,38,1.76905,43.0,205,0.744
2023-06-30,38,1.734173,36.0,200,0.7791
2023-07-01,38,1.456494,22.0,198,0.8634
2023-07-02,38,1.617575,25.0,188,0.8344
2023-07-03,38,1.415275,28.0,197,0.825
2023-07-04,38,1.468677,24.0,180,0.8322
2023-07-05,38,1.586276,22.0,187,0.8533
2023-07-06,38,1.462082,25.0,184,0.8299
2023-07-07,38,1.330806,28.0,198,0.8261
2023-07-08,38,1.236256,43.0,209,0.75
2023-07-09,38,1.494565,39.0,203,0.7651
2023-07-10,38,1.670821,35.0,196,0.7799
2023-07-11,38,1.658461,33.0,192,0.7871
2023-07-12,38,1.683174,15.0,183,0.8973
2023-07-13,38,1.37885,14.0,197,0.9125
2023-07-14,38,1.53198,14.0,180,0.9021
2023-07-15,38,1.593868,20.0,194,0.8726
2023-07-16,38,1.682322,21.0,194,0.8662
2023-07-17,38,1.490277,27.0,192,0.8258
2023-07-18,38,1.51385,27.0,181,0.8125
2023-07-19,38,1.497991,23.0,186,0.8456
2023-07-20,38,1.612568,18.0,183,0.8767
2023-07-21,38,1.431155,23.0,222,0.8757
2023-07-22,38,1.321626,28.0,226,0.8519
2023-07-23,38,1.647339,32.0,230,0.8342
2023-07-24,38,1.545305,27.0,217,0.85
2023-07-25,38,1.424918,22.0,210,0.8728
2023-07-26,38,1.461119,21.0,197,0.8688
2023-07-27,38,1.069848,23.0,205,0.8631
2023-07-28,38,1.211829,16.0,189,0.8947
2023-07-29,38,1.21295,19.0,198,0.882
2023-07-30,38,1.032645,21.0,214,0.8814
2023-07-31,38,1.051278,22.0,212,0.8743
2023-08-01,38,1.29658,20.0,208,0.883
2023-08-02,38,1.384017,14.0,215,0.9213
2023-08-03,38,1.386863,14.0,197,0.9125
2023-08-04,38,1.62655,17.0,198,0.8944
2023-08-05,38,1.649991,21.0,188,0.8609
2023-08-06,38,1.389119,15.0,204,0.9102
2023-08-07,38,1.27726,14.0,200,0.9141
2023-08-08,38,1.301879,17.0,194,0.8917
2023-08-09,38,1.214218,15.0,194,0.9045
2023-08-10,38,1.620618,17.0,201,0.8963
2023-08-11,38,1.414369,20.0,193,0.8718
2023-08-12,38,1.596256,24.0,180,0.8333
2023-08-13,38,1.649024,26.0,185,0.8243
2023-08-14,38,1.595538,26.0,179,0.8169
2023-08-15,38,1.614855,19.0,177,0.8643
2023-08-16,38,1.634195,27.0,173,0.8029
2023-08-17,38,1.512505,32.0,183,0.7823
2023-08-18,38,1.580128,12.0,167,0.9084
2023-08-19,38,1.749807,21.0,187,0.8609
2023-08-20,38,1.611465,47.0,202,0.7152
2023-08-21,38,1.501835,38.0,193,0.7564
2023-08-22,38,1.315405,42.0,186,0.7181
2023-08-23,38,1.246091,41.0,208,0.7602
2023-08-24,38,1.356365,32.0,184,0.7823
2023-08-25,38,1.428066,30.0,181,0.7917
2023-08-26,38,1.599251,29.0,186,0.8054
2023-08-27,38,1.694358,36.0,201,0.7805
2023-08-28,38,1.865903,30.0,209,0.8256
2023-08-29,38,1.580787,14.0,205,0.9167
2023-08-30,38,1.638503,31.0,199,0.8086
2023-08-31,38,1.490389,42.0,214,0.7627
2023-09-01,38,1.580052,55.0,199,0.6605
2023-09-02,38,1.106454,63.0,207,0.6294
2023-09-03,38,0.88678,35.0,221,0.8098
2023-09-04,38,0.878048,36.0,216,0.7989
2023-09-05,38,0.875234,21.0,207,0.8765
2023-09-06,38,0.745134,42.0,212,0.76
2023-09-07,38,1.097158,28.0,203,0.8313
2023-09-08,38,1.126203,34.0,214,0.8079
2023-09-09,38,1.171247,40.0,225,0.7872
2023-09-10,38,1.113869,21.0,228,0.8901
2023-09-11,38,0.976294,32.0,210,0.815
2023-09-12,38,1.044898,31.0,199,0.8086
2023-09-13,38,0.97173,26.0,193,0.8333
2023-09-14,38,0.972798,21.0,186,0.8591
2023-09-15,38,1.069269,35.0,199,0.784
2023-09-16,38,1.130723,31.0,202,0.8121
2023-09-17,38,1.089754,28.0,210,0.8382
2023-09-18,38,1.267529,30.0,202,0.8182
2023-09-19,38,1.206618,34.0,193,0.7821
2023-09-20,38,1.360865,25.0,188,0.8344
2023-09-21,38,1.135136,36.0,226,0.8095
2023-09-22,38,1.13349,29.0,199,0.821
2023-09-23,38,1.113713,42.0,213,0.7614
2023-09-24,38,1.188279,48.0,215,0.7303
2023-09-25,38,1.262488,29.0,210,0.8324
2023-09-26,38,1.11367,23.0,216,0.8715
2023-09-27,38,1.083599,20.0,225,0.8936
2023-09-28,38,1.181665,28.0,191,0.8182
2023-09-29,38,1.17949,36.0,188,0.7616
2023-09-30,38,1.256406,25.0,187,0.8333
2023-10-01,38,1.411207,39.0,188,0.7417
2023-10-02,38,1.34525,37.0,187,0.7533
2023-10-03,38,1.310772,41.0,188,0.7285
2023-10-04,38,1.241298,41.0,183,0.7192
2023-10-05,38,1.317964,30.0,171,0.7761
2023-10-06,38,1.514728,48.0,201,0.7073
2023-10-07,38,1.532539,48.0,204,0.7126
2023-10-08,38,1.390828,37.0,199,0.7716
2023-10-09,38,1.197199,33.0,191,0.7857
2023-10-10,38,1.16121,28.0,198,0.8261
2023-10-11,38,1.013953,29.0,204,0.8274
2023-10-12,38,1.082294,39.0,218,0.7845
2023-10-13,38,1.451351,19.0,209,0.8902
2023-10-14,38,1.418758,21.0,221,0.8859
2023-10-15,38,1.427004,17.0,225,0.9096
2023-10-16,38,1.672876,18.0,218,0.9006
2023-10-17,38,1.586478,18.0,216,0.8994
2023-10-18,38,1.213315,22.0,212,0.8743
2023-10-19,38,1.179464,25.0,223,0.8656
2023-10-20,38,1.111208,30.0,220,0.8361
2023-10-21,38,1.526769,34.0,219,0.8132
2023-10-22,38,1.418774,27.0,240,0.867
2023-10-23,38,1.112658,38.0,227,0.8
2023-10-24,38,1.073957,37.0,222,0.8
2023-10-25,38,1.254312,32.0,218,0.8232
2023-10-26,38,1.207592,22.0,213,0.875
2023-10-27,38,1.268424,28.0,214,0.8418
2023-10-28,38,1.346001,39.0,211,0.7759
2023-10-29,38,1.296438,30.0,209,0.8256
2023-10-30,38,1.137587,23.0,203,0.8614
2023-10-31,38,1.418278,28.0,199,0.8272
2023-11-01,38,1.216359,16.0,204,0.9042
2023-11-02,38,1.315113,30.0,201,0.8171
2023-11-03,38,0.996502,37.0,231,0.8093
2023-11-04,38,0.968094,39.0,238,0.806
2023-11-05,38,1.131427,28.0,252,0.8698
2023-11-06,38,0.995097,22.0,250,0.8967
2023-11-07,38,0.891041,46.0,239,0.7723
2023-11-08,38,0.921964,52.0,233,0.7347
2023-11-09,38,1.166553,28.0,228,0.8534
2023-11-10,38,1.222278,40.0,225,0.7872
2023-11-11,38,1.130643,44.0,232,0.7744
2023-11-12,38,1.49837,37.0,228,0.8063
2023-11-13,38,1.53817,25.0,229,0.8698
2023-11-14,38,1.231323,26.0,227,0.8632
2023-11-15,38,1.27487,25.0,246,0.8804
2023-11-16,38,1.626622,39.0,234,0.802
2023-11-17,38,1.733994,39.0,220,0.7869
2023-11-18,38,1.749322,38.0,227,0.8
2023-11-19,38,1.919564,43.0,231,0.7784
2023-11-20,38,1.885411,45.0,226,0.7619
2023-11-21,38,1.673203,40.0,217,0.7778
2023-11-22,38,1.775275,45.0,208,0.7368
2023-11-23,38,1.819771,48.0,215,0.7303
2023-11-24,38,1.827848,36.0,217,0.8
2023-11-25,38,1.918953,42.0,219,0.7692
2023-11-26,38,1.84595,42.0,221,0.7717
2023-11-27,38,1.850826,30.0,220,0.8361
2023-11-28,38,1.992284,26.0,208,0.8488
2023-11-29,38,1.933709,48.0,203,0.7108
2023-11-30,38,2.134113,34.0,196,0.7862
2023-12-01,38,1.601862,41.0,186,0.7248
2023-12-02,38,1.44987,29.0,191,0.8117
2023-12-03,38,1.534608,22.0,181,0.8472
2023-12-04,38,1.699222,35.0,183,0.7603
2023-12-05,38,1.628087,35.0,172,0.7407
2023-12-06,38,1.532833,22.0,174,0.8394
2023-12-07,38,1.447956,17.0,173,0.875
2023-12-08,38,1.367394,25.0,171,0.8134
2023-12-09,38,1.332113,18.0,188,0.8808
2023-12-10,38,1.197984,8.0,187,0.9467
2023-12-11,38,1.098171,10.0,181,0.9306
2023-12-12,38,1.132596,12.0,174,0.9124
2023-12-13,38,1.01143,12.0,170,0.9098
2023-12-14,38,1.297094,30.0,179,0.7887
2023-12-15,38,1.351537,28.0,162,0.776
2023-12-16,38,1.557774,31.0,176,0.777
2023-12-17,38,1.491961,38.0,191,0.7532
2023-12-18,38,1.418643,32.0,178,0.773
2023-12-19,38,1.381746,44.0,171,0.6716
2023-12-20,38,1.119481,24.0,172,0.8222
2023-12-21,38,1.069237,23.0,166,0.8217
2023-12-22,38,1.409103,27.0,160,0.7805
2023-12-23,38,1.442065,27.0,160,0.7805
2023-12-24,38,1.36505,37.0,174,0.7299
2023-12-25,38,1.353989,36.0,168,0.7273
2023-12-26,38,1.438733,20.0,166,0.8462
2023-12-27,38,1.378903,36.0,153,0.6923
2023-12-28,38,1.396013,26.0,149,0.7699
2023-12-29,38,1.479765,24.0,157,0.8
2023-12-30,38,1.401646,34.0,161,0.7258
2023-12-31,38,1.356512,39.0,175,0.7174
2024-01-01,38,1.400037,29.0,175,0.7899
2024-01-02,38,1.71638,19.0,167,0.8538
2024-01-03,38,1.360644,21.0,215,0.882
2024-01-04,38,1.445239,20.0,218,0.8895
2024-01-05,38,1.361528,18.0,204,0.8922
2024-01-06,38,1.429835,27.0,215,0.8483
2024-01-07,38,1.589043,37.0,217,0.7944
2024-01-08,38,1.587025,39.0,218,0.7845
2024-01-09,38,1.652673,19.0,199,0.8827
2024-01-10,38,1.600702,34.0,202,0.7939
2024-01-11,38,1.391591,19.0,190,0.8758
2024-01-12,38,0.993189,31.0,195,0.8038
2024-01-13,38,1.428702,25.0,175,0.8188
2024-01-14,38,1.578213,29.0,176,0.7914
2024-01-15,38,1.445896,17.0,161,0.8629
2024-01-16,38,1.123733,27.0,164,0.7874
2024-01-17,38,0.919436,16.0,199,0.9012
2024-01-18,38,0.892037,17.0,199,0.8951
2024-01-19,38,1.108972,15.0,193,0.9038
2024-01-20,38,1.143773,25.0,211,0.8563
2024-01-21,38,1.267291,19.0,224,0.8984
2024-01-22,38,1.065659,14.0,218,0.9227
2024-01-23,38,1.13922,31.0,216,0.8268
2024-01-24,38,1.374152,16.0,201,0.9024
2024-01-25,38,1.457939,13.0,200,0.9202
2024-01-26,38,1.670523,24.0,177,0.8286
2024-01-27,38,1.406188,24.0,185,0.8378
2024-01-28,38,1.398387,24.0,186,0.8389
2024-01-29,38,1.511267,27.0,186,0.8188
2024-01-30,38,1.558459,32.0,182,0.7793
2024-01-31,38,1.502459,22.0,174,0.8394
2024-02-01,38,1.41516,35.0,173,0.7426
2024-02-02,38,1.432949,21.0,157,0.825
2024-02-03,38,1.380684,21.0,159,0.8279
2024-02-04,38,1.117656,23.0,176,0.8345
2024-02-05,38,1.143337,30.0,170,0.7744
2024-02-06,38,0.934874,16.0,185,0.8919
2024-02-07,38,1.133699,20.0,181,0.8611
2024-02-08,38,1.075525,25.0,181,0.8264
2024-02-09,38,1.195389,27.0,183,0.8151
2024-02-10,38,1.258549,28.0,191,0.8182
2024-02-11,38,1.311527,30.0,195,0.8101
2024-02-12,38,1.167311,14.0,190,0.9085
2024-02-13,38,1.106907,40.0,175,0.7101
2024-02-14,38,0.892372,12.0,176,0.9137
2024-02-15,38,0.929774,36.0,192,0.7677
2024-02-16,38,1.297569,34.0,191,0.7792
2024-02-17,38,1.35259,40.0,201,0.7561
2024-02-18,38,1.382952,32.0,206,0.8107
2024-02-19,38,1.276833,35.0,199,0.784
2024-02-20,38,1.2001,37.0,187,0.7533
2024-02-21,38,1.619035,12.0,161,0.9032
2024-02-22,38,1.704725,32.0,158,0.7355
2024-02-23,38,1.775774,23.0,166,0.8217
2024-02-24,38,1.404984,22.0,173,0.8382
2024-02-25,38,1.39867,23.0,183,0.8425
2024-02-26,38,1.155977,44.0,178,0.6879
2024-02-27,38,1.131128,34.0,179,0.7606
2024-02-28,38,1.362396,39.0,171,0.709
2024-02-29,38,1.044183,40.0,183,0.726
2024-03-01,38,1.098984,36.0,169,0.7273
2024-03-02,38,1.254673,37.0,188,0.755
2024-03-03,38,1.549011,34.0,199,0.7901
2024-03-04,38,1.520668,25.0,194,0.8408
2024-03-05,38,1.405999,24.0,172,0.8222
2024-03-06,38,1.552362,22.0,180,0.8462
2024-03-07,38,1.442694,22.0,154,0.812
2024-03-08,38,1.387373,43.0,157,0.6446
2024-03-09,38,1.779883,40.0,159,0.6748
2024-03-10,38,1.901802,37.0,161,0.704
2024-03-11,38,1.71868,28.0,154,0.7627
2024-03-12,38,1.469696,14.0,141,0.8667
2024-03-13,38,1.22516,20.0,149,0.8214
2024-03-14,38,1.433772,18.0,153,0.8462
2024-03-15,38,1.465858,22.0,155,0.8136
2024-03-16,38,1.089832,18.0,154,0.8462
2024-03-17,38,1.174239,24.0,153,0.7931
2024-03-18,38,1.269069,24.0,145,0.7778
2024-03-19,38,1.088741,22.0,152,0.8087
2024-03-20,38,1.461609,25.0,160,0.7967
2024-03-21,38,1.430237,17.0,152,0.8522
2024-03-22,38,1.343959,14.0,169,0.8939
2024-03-23,38,1.543037,30.0,185,0.7973
2024-03-24,38,1.583825,23.0,186,0.8456
2024-03-25,38,1.431452,18.0,178,0.8723
2024-03-26,38,1.490498,15.0,171,0.8881
2024-03-27,38,1.579403,12.0,170,0.9098
2024-03-28,38,1.295757,14.0,162,0.888
2024-03-29,38,1.378571,17.0,167,0.8692
2024-03-30,38,1.667081,14.0,180,0.9021
2024-03-31,38,1.446849,28.0,180,0.8042
2024-04-01,38,1.546014,35.0,178,0.7518
2024-04-02,38,1.795953,30.0,157,0.75
2024-04-03,38,1.649001,28.0,154,0.7607
2024-04-04,38,1.573356,40.0,157,0.6667
2024-04-05,38,1.713907,28.0,155,0.7627
2024-04-06,38,1.795541,30.0,160,0.7561
2024-04-07,38,1.568182,35.0,167,0.7308
2024-04-08,38,1.714726,36.0,171,0.7313
2024-04-09,38,1.786101,33.0,156,0.7227
2024-04-10,38,2.273521,37.0,162,0.704
2024-04-11,38,2.547585,20.0,152,0.8261
2024-04-12,38,2.078841,16.0,158,0.8678
2024-04-13,38,2.020821,18.0,166,0.8605
2024-04-14,38,2.009389,18.0,175,0.8696
2024-04-15,38,1.789759,24.0,175,0.8261
2024-04-16,38,1.693611,24.0,162,0.808
2024-04-17,38,1.601295,28.0,168,0.7863
2024-04-18,38,1.380914,27.0,156,0.7731
2024-04-19,38,1.75184,34.0,157,0.7167
2024-04-20,38,1.912755,36.0,167,0.7231
2024-04-21,38,2.083773,37.0,166,0.7132
2024-04-22,38,1.819956,29.0,172,0.7852
2024-04-23,38,1.825157,30.0,173,0.7794
2024-04-24,38,1.768087,23.0,178,0.8369
2024-04-25,38,1.51845,24.0,184,0.8367
2024-04-26,38,1.772586,22.0,169,0.8333
2024-04-27,38,1.675652,22.0,175,0.8406
2024-04-28,38,1.68665,22.0,175,0.8406
2024-04-29,38,1.45749,24.0,173,0.8235
2024-04-30,38,1.476068,30.0,174,0.781
2024-05-01,38,1.62875,24.0,179,0.831
2024-05-02,38,1.353082,20.0,192,0.871
2024-05-03,38,1.287677,19.0,202,0.8848
2024-05-04,38,1.411389,28.0,210,0.8382
2024-05-05,38,1.529542,27.0,221,0.8533
2024-05-06,38,1.543114,30.0,212,0.8286
2024-05-07,38,1.399337,33.0,190,0.7843
2024-05-08,38,1.485133,25.0,196,0.8428
2024-05-09,38,1.25272,36.0,188,0.7616
2024-05-10,38,1.400423,25.0,187,0.8333
2024-05-11,38,1.295851,34.0,196,0.7862
2024-05-12,38,1.304492,28.0,192,0.8194
2024-05-13,38,1.266638,18.0,184,0.8776
2024-05-14,38,1.454602,30.0,185,0.7973
2024-05-15,38,1.498487,29.0,161,0.7661
2024-05-16,38,2.145425,22.0,141,0.7885
2024-05-17,38,2.141841,26.0,139,0.7451
2024-05-18,38,2.092822,22.0,143,0.7925
2024-05-19,38,2.235627,31.0,163,0.754
2024-05-20,38,1.963353,31.0,152,0.7304
2024-05-21,38,1.759951,34.0,150,0.6991
2024-05-22,38,1.522401,20.0,155,0.8305
2024-05-23,38,1.232842,21.0,175,0.8478
2024-05-24,38,1.063763,26.0,179,0.8169
2024-05-25,38,1.019739,26.0,181,0.8194
2024-05-26,38,1.118809,32.0,178,0.773
2024-05-27,38,1.192736,27.0,175,0.8043
2024-05-28,38,1.413701,27.0,164,0.7874
2024-05-29,38,1.411431,31.0,163,0.754
2024-05-30,38,1.305837,25.0,159,0.7951
2024-05-31,38,1.207657,33.0,163,0.7381
2024-06-01,38,1.456695,32.0,171,0.7612
2024-06-02,38,1.607422,37.0,167,0.7154
2024-06-03,38,1.504053,41.0,169,0.6894
2024-06-04,38,1.359504,30.0,161,0.7581
2024-06-05,38,1.41148,36.0,154,0.6923
2024-06-06,38,1.513633,38.0,154,0.6752
2024-06-07,38,1.738162,30.0,155,0.7458
2024-06-08,38,1.765045,35.0,180,0.7552
2024-06-09,38,1.792804,34.0,188,0.7748
2024-06-10,38,1.809578,36.0,184,0.7551
2024-06-11,38,1.720526,35.0,176,0.7482
2024-06-12,38,1.548067,30.0,170,0.7744
2024-06-13,38,2.128323,43.0,169,0.6742
2024-06-14,38,1.802167,32.0,158,0.7355
2024-06-15,38,2.085418,32.0,164,0.748
2024-06-16,38,2.107801,28.0,167,0.7846
2024-06-17,38,1.591041,36.0,162,0.712
2024-06-18,38,1.569707,29.0,154,0.7521
2024-06-19,38,1.676943,40.0,170,0.6992
2024-06-20,38,1.544925,36.0,163,0.7143
2024-06-21,38,1.695551,44.0,166,0.6589
2024-06-22,38,1.596761,30.0,170,0.7744
2024-06-23,38,1.707826,37.0,174,0.7299
2024-06-24,38,1.884542,34.0,170,0.7444
2024-06-25,38,1.768407,33.0,163,0.7381
2024-06-26,38,1.654412,32.0,153,0.7241
2024-06-27,38,1.413261,27.0,154,0.7692
2024-06-28,38,1.390126,34.0,153,0.7069
2024-06-29,38,1.448047,34.0,163,0.7302
2024-06-30,38,1.490101,44.0,166,0.6589
2024-07-01,38,1.622701,26.0,156,0.7815
2024-07-02,38,1.682403,21.0,146,0.8073
2024-07-03,38,1.803564,34.0,164,0.7323
2024-07-04,38,1.895597,29.0,150,0.7434
2024-07-05,38,2.004365,18.0,162,0.856
2024-07-06,38,2.197569,29.0,173,0.7868
2024-07-07,38,2.232998,28.0,146,0.7431
2024-07-08,38,2.302513,25.0,148,0.7748
2024-07-09,38,2.297,29.0,148,0.7387
2024-07-10,38,2.048637,20.0,144,0.8131
2024-07-11,38,2.019259,23.0,144,0.785
2024-07-12,38,2.20393,30.0,142,0.7143
2024-07-13,38,2.499143,30.0,144,0.7196
2024-07-14,38,2.49297,31.0,155,0.7373
2024-07-15,38,2.395601,22.0,152,0.8087
2024-07-16,38,2.265374,30.0,144,0.7196
2024-07-17,38,2.189657,33.0,152,0.713
2024-07-18,38,2.065607,37.0,152,0.6783
2024-07-19,38,2.229647,28.0,156,0.7647
2024-07-20,38,2.403443,29.0,164,0.7717
2024-07-21,38,2.170921,23.0,167,0.8231
2024-07-22,38,2.08195,24.0,170,0.8195
2024-07-23,38,1.943453,19.0,167,0.8538
2024-07-24,38,1.567108,24.0,165,0.8125
2024-07-25,38,1.715408,24.0,164,0.811
2024-07-26,38,2.175326,29.0,172,0.7852
2024-07-27,38,2.121376,30.0,186,0.7987
2024-07-28,38,2.224149,23.0,196,0.8553
2024-07-29,38,2.217848,27.0,181,0.8125
2024-07-30,38,1.752266,26.0,181,0.8194
2024-07-31,38,1.467766,27.0,190,0.8235
2024-08-01,38,2.153016,24.0,178,0.8298
2024-08-02,38,1.844812,8.0,188,0.947
2024-08-03,38,1.876347,10.0,206,0.9408
2024-08-04,38,1.731746,15.0,205,0.9107
2024-08-05,38,0.938193,9.0,220,0.9508
2024-08-06,38,1.353545,11.0,225,0.9415
2024-08-07,38,1.370412,11.0,223,0.9409
2024-08-08,38,1.673141,13.0,210,0.9249
2024-08-09,38,1.532082,22.0,217,0.8778
2024-08-10,38,1.583286,21.0,218,0.884
2024-08-11,38,1.875679,22.0,218,0.8785
2024-08-12,38,1.634745,18.0,213,0.8977
2024-08-13,38,1.579251,16.0,199,0.9012
2024-08-14,38,1.698062,17.0,200,0.8957
2024-08-15,38,1.510811,19.0,203,0.8855
2024-08-16,38,0.961332,22.0,228,0.8848
2024-08-17,38,1.277142,10.0,237,0.95
2024-08-18,38,1.127267,10.0,255,0.9541
2024-08-19,38,1.341563,8.0,237,0.96
2024-08-20,38,1.407205,15.0,232,0.9231
2024-08-21,38,1.34568,11.0,240,0.9458
2024-08-22,38,1.464707,17.0,221,0.9076
2024-08-23,38,1.489373,15.0,215,0.9157
2024-08-24,38,1.823959,35.0,222,0.8108
2024-08-25,38,1.976583,36.0,224,0.8075
2024-08-26,38,1.642898,39.0,221,0.788
2024-08-27,38,1.925735,37.0,200,0.773
2024-08-28,38,1.746095,29.0,202,0.8242
2024-08-29,38,1.836715,29.0,212,0.8343
2024-08-30,38,1.807209,26.0,196,0.8365
2024-08-31,38,1.68797,26.0,203,0.8434
2024-09-01,38,1.593503,29.0,190,0.8105
2024-09-02,38,1.806751,32.0,182,0.7793
2024-09-03,38,1.907741,13.0,187,0.9133
2024-09-04,38,1.938063,31.0,153,0.7328
2024-09-05,38,1.776532,31.0,164,0.7559
2024-09-06,38,1.191983,28.0,162,0.776
2024-09-07,38,1.249296,24.0,183,0.8356
2024-09-08,38,1.32683,27.0,188,0.8212
2024-09-09,38,1.294938,20.0,177,0.8571
2024-09-10,38,1.620495,23.0,169,0.8258
2024-09-11,38,1.796121,23.0,173,0.8309
2024-09-12,38,1.274814,21.0,183,0.8562
2024-09-13,38,1.328466,16.0,187,0.8933
2024-09-14,38,1.306292,23.0,185,0.8446
2024-09-15,38,1.644511,32.0,184,0.7823
2024-09-16,38,1.572881,32.0,188,0.7881
2024-09-17,38,1.662538,33.0,172,0.7556
2024-09-18,38,1.461879,32.0,164,0.748
2024-09-19,38,1.724777,26.0,171,0.806
2024-09-20,38,1.68354,28.0,182,0.8069
2024-09-21,38,1.605231,32.0,190,0.7908
2024-09-22,38,1.712977,12.0,182,0.9172
2024-09-23,38,1.464562,13.0,174,0.9051
2024-09-24,38,1.254169,19.0,184,0.8707
2024-09-25,38,1.63151,25.0,172,0.8148
2024-09-26,38,1.786046,30.0,188,0.8013
2024-09-27,38,1.667112,33.0,193,0.7885
2024-09-28,38,1.525341,37.0,198,0.7702
2024-09-29,38,1.671001,28.0,199,0.8272
2024-09-30,38,1.62652,38.0,207,0.7765
2024-10-01,38,1.779236,29.0,190,0.8105
2024-10-02,38,1.715373,32.0,198,0.8012
2024-10-03,38,1.336446,50.0,221,0.7283
2024-10-04,38,1.200363,43.0,213,0.7557
2024-10-05,38,1.189251,44.0,221,0.7609
2024-10-06,38,1.155194,37.0,211,0.7874
2024-10-07,38,1.145137,33.0,198,0.795
2024-10-08,38,1.259502,29.0,189,0.8092
2024-10-09,38,1.147066,24.0,182,0.8345
2024-10-10,38,1.119929,28.0,186,0.8121
2024-10-11,38,1.120657,29.0,186,0.8054
2024-10-12,38,1.142701,32.0,186,0.7852
2024-10-13,38,1.120419,32.0,202,0.8061
2024-10-14,38,1.34689,17.0,180,0.8811
2024-10-15,38,1.274129,14.0,174,0.8978
2024-10-16,38,1.262411,12.0,170,0.9098
2024-10-17,38,1.071119,12.0,167,0.9091
2024-10-18,38,0.969597,31.0,173,0.7721
2024-10-19,38,1.139397,32.0,183,0.7808
2024-10-20,38,1.480472,25.0,200,0.8466
2024-10-21,38,1.484075,24.0,191,0.8442
2024-10-22,38,1.347444,26.0,190,0.8301
2024-10-23,38,1.280127,25.0,180,0.8252
2024-10-24,38,1.338864,24.0,170,0.8195
2024-10-25,38,1.245983,25.0,170,0.812
2024-10-26,38,1.342563,31.0,169,0.7652
2024-10-27,38,1.306791,29.0,172,0.7852
2024-10-28,38,1.399694,29.0,164,0.7717
2024-10-29,38,1.600946,26.0,164,0.7953
2024-10-30,38,1.711677,30.0,159,0.7541
2024-10-31,38,1.300993,19.0,165,0.8516
2024-11-01,38,1.137904,20.0,155,0.8305
2024-11-02,38,1.647256,27.0,158,0.7769
2024-11-03,38,1.980246,25.0,165,0.8047
2024-11-04,38,1.88814,16.0,160,0.8699
2024-11-05,38,1.797301,14.0,151,0.8772
2024-11-06,38,1.565974,22.0,162,0.824
2024-11-07,38,1.949935,30.0,173,0.7794
2024-11-08,38,1.442312,21.0,169,0.8409
2024-11-09,38,1.398763,22.0,168,0.8321
2024-11-10,38,1.669496,21.0,174,0.8467
2024-11-11,38,1.615252,15.0,170,0.8872
2024-11-12,38,1.732183,18.0,163,0.8571
2024-11-13,38,1.774801,13.0,168,0.9008
2024-11-14,38,1.721247,17.0,172,0.8741
2024-11-15,38,1.548494,18.0,169,0.8636
2024-11-16,38,1.469734,24.0,183,0.8356
2024-11-17,38,1.674202,22.0,183,0.8493
2024-11-18,38,1.632246,42.0,183,0.7123
2024-11-19,38,1.368299,20.0,173,0.8529
2024-11-20,38,1.319834,34.0,179,0.7606
2024-11-21,38,1.346134,35.0,173,0.7426
2024-11-22,38,1.455734,38.0,171,0.7164
2024-11-23,38,1.420749,39.0,181,0.7292
2024-11-24,38,1.611306,36.0,193,0.7692
2024-11-25,38,1.55523,21.0,173,0.8456
2024-11-26,38,1.482893,23.0,171,0.8284
2024-11-27,38,1.213191,18.0,171,0.8657
2024-11-28,38,1.142817,16.0,174,0.8832
2024-11-29,38,1.077127,17.0,179,0.8803
2024-11-30,38,1.36514,46.0,183,0.6849
2024-12-01,38,1.282295,47.0,188,0.6887
2024-12-02,38,1.246619,44.0,169,0.6667
2024-12-03,38,1.212864,44.0,166,0.6589
2024-12-04,38,1.646959,32.0,170,0.7594
2024-12-05,38,1.625055,37.0,171,0.7239
2024-12-06,38,1.854018,34.0,174,0.7518
2024-12-07,38,1.332039,34.0,167,0.7385
2024-12-08,38,1.634339,36.0,182,0.7517
2024-12-09,38,1.486654,20.0,176,0.8561
2024-12-10,38,1.531018,23.0,172,0.8296
2024-12-11,38,1.659376,23.0,168,0.8244
2024-12-12,38,1.532471,28.0,180,0.8042
2024-12-13,38,1.63395,52.0,185,0.6486
2024-12-14,38,1.542244,59.0,188,0.6093
2024-12-15,38,1.80145,57.0,197,0.6438
2024-12-16,38,1.599104,45.0,187,0.7
2024-12-17,38,1.392138,57.0,180,0.6014
2024-12-18,38,1.129732,41.0,182,0.7172
2024-12-19,38,1.357232,46.0,185,0.6892
2024-12-20,38,1.166793,48.0,188,0.6821
2024-12-21,38,1.254667,33.0,191,0.7857
2024-12-22,38,1.411256,30.0,184,0.7959
2024-12-23,38,1.404713,38.0,190,0.7516
2024-12-24,38,1.293848,34.0,186,0.7718
2024-12-25,38,1.268486,39.0,179,0.7254
2024-12-26,38,0.994309,43.0,186,0.7133
2024-12-27,38,1.07752,31.0,192,0.8013
2024-12-28,38,1.228997,34.0,201,0.7939
2024-12-29,38,1.191784,43.0,209,0.7514
2024-12-30,38,1.257912,41.0,202,0.753
2024-12-31,38,1.205217,38.0,197,0.764
2025-01-01,38,1.26528,35.0,207,0.7953
2025-01-02,38,1.356137,39.0,203,0.7665
2025-01-03,38,1.250281,50.0,202,0.6988
2025-01-04,38,1.300895,53.0,208,0.6919
2025-01-05,38,1.613951,51.0,215,0.7151
2025-01-06,38,1.855663,31.0,192,0.8013
2025-01-07,38,1.744834,42.0,183,0.7143
2025-01-08,38,1.614377,40.0,174,0.7101
2025-01-09,38,1.781852,48.0,179,0.6643
2025-01-10,38,1.844191,28.0,170,0.791
2025-01-11,38,1.577487,28.0,179,0.8042
2025-01-12,38,1.761721,43.0,187,0.7152
2025-01-13,38,1.671292,51.0,190,0.6688
2025-01-14,38,1.886693,40.0,193,0.7452
2025-01-15,38,1.765952,26.0,204,0.8452
2025-01-16,38,1.564698,37.0,190,0.7597
2025-01-17,38,1.382318,40.0,172,0.7059
2025-01-18,38,1.770454,42.0,181,0.7103
2025-01-19,38,1.67891,35.0,189,0.7712
2025-01-20,38,1.611746,40.0,183,0.7279
2025-01-21,38,1.728076,26.0,176,0.8143
2025-01-22,38,1.622065,32.0,171,0.7647
2025-01-23,38,1.6242,27.0,181,0.8151
2025-01-24,38,1.641139,27.0,174,0.8029
2025-01-25,38,1.803751,42.0,179,0.7042
2025-01-26,38,1.429233,30.0,190,0.8039
2025-01-27,38,1.961209,37.0,168,0.7176
2025-01-28,38,1.697584,40.0,157,0.6667
2025-01-29,38,1.651204,35.0,159,0.7131
2025-01-30,38,1.530762,34.0,172,0.7481
2025-01-31,38,1.448857,29.0,171,0.7836
2025-02-01,38,1.656606,30.0,172,0.7778
2025-02-02,38,1.440844,37.0,179,0.7394
2025-02-03,38,1.783813,38.0,162,0.696
2025-02-04,38,2.173218,21.0,166,0.8372
2025-02-05,38,2.047959,20.0,164,0.8425
2025-02-06,38,1.671934,36.0,189,0.7632
2025-02-07,38,1.593147,28.0,175,0.7971
2025-02-08,38,1.559481,39.0,181,0.7292
2025-02-09,38,1.729967,26.0,173,0.8088
2025-02-10,38,1.73299,33.0,167,0.7462
2025-02-11,38,1.509059,26.0,168,0.8015
2025-02-12,38,1.738589,33.0,150,0.708
2025-02-13,38,1.751155,37.0,157,0.6917
2025-02-14,38,2.380918,19.0,160,0.8455
2025-02-15,38,2.230037,37.0,161,0.7016
2025-02-16,38,1.953023,36.0,157,0.7025
2025-02-17,38,1.819879,26.0,159,0.7886
2025-02-18,38,1.870193,28.0,151,0.7565
2025-02-19,38,1.814642,36.0,161,0.712
2025-02-20,38,1.806803,33.0,165,0.7442
2025-02-21,38,1.778881,39.0,162,0.6905
2025-02-22,38,1.650042,38.0,159,0.6911
2025-02-23,38,1.813439,40.0,172,0.7037
2025-02-24,38,1.823352,42.0,178,0.7021
2025-02-25,38,1.967889,43.0,170,0.6767
2025-02-26,38,1.935298,34.0,155,0.7119
2025-02-27,38,1.659215,33.0,150,0.708
2025-02-28,38,1.101692,29.0,193,0.8141
2025-03-01,38,1.294558,36.0,201,0.7805
2025-03-02,38,1.090511,38.0,205,0.7738
2025-03-03,38,1.392299,41.0,202,0.7515
2025-03-04,38,1.537395,39.0,195,0.7532
2025-03-05,38,1.327142,15.0,223,0.9194
2025-03-06,38,1.221199,20.0,228,0.8953
2025-03-07,38,1.264839,61.0,229,0.6823
2025-03-08,38,1.214773,45.0,235,0.7727
2025-03-09,38,1.102613,16.0,246,0.9234
2025-03-10,38,1.132676,49.0,242,0.761
2025-03-11,38,1.205162,29.0,230,0.8497
2025-03-12,38,1.213445,35.0,214,0.8023
2025-03-13,38,1.249054,45.0,214,0.7458
2025-03-14,38,1.047673,58.0,238,0.7114
2025-03-15,38,0.976471,64.0,250,0.6995
2025-03-16,38,1.233216,56.0,245,0.7308
2025-03-17,38,1.199662,58.0,249,0.7264
2025-03-18,38,1.113496,37.0,238,0.8159
2025-03-19,38,1.059883,41.0,240,0.798
2025-03-20,38,1.191914,32.0,224,0.8289
2025-03-21,38,0.967452,19.0,214,0.8927
2025-03-22,38,1.051377,32.0,241,0.8431
2025-03-23,38,1.181688,35.0,262,0.8444
2025-03-24,38,1.217086,28.0,253,0.8704
2025-03-25,38,1.388669,27.0,238,0.8657
2025-03-26,38,1.373821,22.0,210,0.8728
2025-03-27,38,1.147652,42.0,214,0.7627
2025-03-28,38,1.012271,20.0,213,0.8864
2025-03-29,38,1.212297,27.0,223,0.8548
2025-03-30,38,1.335332,47.0,190,0.6928
2025-03-31,38,1.253028,24.0,202,0.8545
2025-04-01,38,1.237302,19.0,204,0.8862
2025-04-02,38,1.209997,12.0,204,0.9281
2025-04-03,38,1.05374,5.0,193,0.9679
2025-04-04,38,0.705345,13.0,201,0.9207
2025-04-05,38,0.616989,17.0,222,0.9081
2025-04-06,38,0.693208,18.0,228,0.9058
2025-04-07,38,0.667123,6.0,266,0.9738
2025-04-08,38,0.694538,9.0,264,0.9604
2025-04-09,38,0.739113,17.0,264,0.9251
2025-04-10,38,0.430967,46.0,272,0.8043
2025-04-11,38,0.524477,17.0,275,0.9286
2025-04-12,38,0.477222,20.0,280,0.9177
2025-04-13,38,0.551437,25.0,284,0.8988
2025-04-14,38,0.623233,18.0,281,0.9262
2025-04-15,38,0.616071,23.0,282,0.9061
2025-04-16,38,0.659741,16.0,270,0.9313
2025-04-17,38,0.646572,12.0,277,0.95
2025-04-18,38,0.683774,14.0,283,0.9431
2025-04-19,38,0.404072,15.0,299,0.9427
2025-04-20,38,0.334275,18.0,304,0.9326
2025-04-21,38,0.348288,17.0,295,0.9341
2025-04-22,38,0.366501,23.0,282,0.9061
2025-04-23,38,0.429519,4.0,275,0.9832
2025-04-24,38,0.582998,6.0,282,0.9755
2025-04-25,38,0.522784,6.0,278,0.9751
2025-04-26,38,0.552402,6.0,283,0.9756
2025-04-27,38,0.626893,14.0,289,0.9444
2025-04-28,38,0.687766,38.0,287,0.848
2025-04-29,38,0.675984,36.0,281,0.8525
2025-04-30,38,0.63526,30.0,273,0.8729
2025-05-01,38,0.711659,49.0,277,0.7958
2025-05-02,38,0.943007,45.0,264,0.8018
2025-05-03,38,0.847907,38.0,273,0.839
2025-05-04,38,0.947699,33.0,276,0.8619
2025-05-05,38,0.97222,43.0,265,0.8114
2025-05-06,38,1.007673,33.0,267,0.8565
2025-05-07,38,1.335999,28.0,219,0.8462
2025-05-08,38,1.151058,25.0,222,0.8649
2025-05-09,38,1.138633,25.0,177,0.8214
2025-05-10,38,1.120783,33.0,186,0.7785
2025-05-11,38,1.155211,24.0,191,0.8442
2025-05-12,38,1.260459,27.0,222,0.8541
2025-05-13,38,1.08376,19.0,225,0.8989
2025-05-14,38,1.204263,31.0,223,0.8333
2025-05-15,38,1.579126,23.0,211,0.8678
2025-05-16,38,1.725699,17.0,202,0.897
2025-05-17,38,1.639263,23.0,198,0.8571
2025-05-18,38,1.639061,23.0,199,0.858
2025-05-19,38,1.840794,15.0,193,0.9038
2025-05-20,38,1.94024,15.0,189,0.9013
2025-05-21,38,1.898343,19.0,191,0.8766
2025-05-22,38,1.847787,21.0,198,0.8696
2025-05-23,38,1.45716,28.0,189,0.8158
2025-05-24,38,1.350251,34.0,190,0.7778
2025-05-25,38,1.271114,24.0,198,0.8509
2025-05-26,38,1.460234,33.0,195,0.7911
2025-05-27,38,1.516813,33.0,190,0.7843
2025-05-28,38,1.806935,45.0,193,0.7115
2025-05-29,38,1.74576,48.0,190,0.6863
2025-05-30,38,1.32751,35.0,179,0.7535
2025-05-31,38,1.233589,21.0,192,0.8645
2025-06-01,38,1.140701,33.0,213,0.8125
2025-06-02,38,1.024248,39.0,203,0.7651
2025-06-03,38,0.994368,41.0,198,0.7453
2025-06-04,38,0.97912,28.0,194,0.8217
2025-06-05,38,1.162978,19.0,201,0.8841
2025-06-06,38,1.104629,42.0,203,0.747
2025-06-07,38,1.278085,24.0,232,0.8769
2025-06-08,38,1.099357,26.0,249,0.8774
2025-06-09,38,0.931329,29.0,246,0.8612
2025-06-10,38,1.160078,28.0,237,0.86
2025-06-11,38,1.33453,48.0,200,0.7055
2025-06-12,38,1.65106,48.0,176,0.6547
2025-06-13,38,2.036732,34.0,164,0.7323
2025-06-14,38,2.039827,35.0,171,0.7388
2025-06-15,38,2.325926,36.0,174,0.7372
2025-06-16,38,1.919945,24.0,171,0.8209
2025-06-17,38,1.789711,33.0,162,0.736
2025-06-18,38,1.887059,27.0,169,0.7955
2025-06-19,38,1.870264,21.0,161,0.8306
2025-06-20,38,1.891306,29.0,159,0.7623
2025-06-21,38,1.970135,39.0,157,0.675
2025-06-22,38,1.59966,28.0,162,0.776
2025-06-23,38,1.465127,22.0,166,0.8295
2025-06-24,38,1.800096,25.0,168,0.8092
2025-06-25,38,1.633916,20.0,175,0.8551
2025-06-26,38,1.979519,35.0,173,0.7426
2025-06-27,38,2.224047,25.0,166,0.8062
2025-06-28,38,2.253236,32.0,172,0.763
2025-06-29,38,2.307452,31.0,178,0.7801
2025-06-30,38,2.463414,31.0,178,0.7801
2025-07-01,38,2.444947,33.0,171,0.7537
2025-07-02,38,2.079762,24.0,164,0.811
2025-07-03,38,2.140814,26.0,169,0.803
2025-07-04,38,2.023117,27.0,167,0.7923
2025-07-05,38,1.941736,28.0,176,0.7986
2025-07-06,38,1.778563,37.0,187,0.7533
2025-07-07,38,1.520714,36.0,180,0.7483
2025-07-08,38,1.39203,31.0,164,0.7559
2025-07-09,38,1.340961,19.0,158,0.843
2025-07-10,38,1.661444,21.0,161,0.8306
2025-07-11,38,1.572323,18.0,162,0.856
2025-07-12,38,1.533832,23.0,162,0.816
2025-07-13,38,1.899743,31.0,162,0.752
2025-07-14,38,1.87983,29.0,162,0.768
2025-07-15,38,1.980758,29.0,157,0.7583
2025-07-16,38,1.81054,33.0,158,0.7273
2025-07-17,38,1.733866,28.0,166,0.7829
2025-07-18,38,1.902524,36.0,168,0.7252
2025-07-19,38,1.946502,31.0,178,0.7801
2025-07-20,38,1.709326,38.0,179,0.7324
2025-07-21,38,1.808373,36.0,163,0.7143
2025-07-22,38,1.792023,34.0,155,0.7119
2025-07-23,38,2.012671,27.0,159,0.7787
2025-07-24,38,2.062239,32.0,161,0.7419
2025-07-25,38,1.917745,36.0,158,0.7025
2025-07-26,38,2.109829,25.0,163,0.8016
2025-07-27,38,1.959526,42.0,166,0.6744
2025-07-28,38,1.927329,39.0,161,0.6855
2025-07-29,38,1.950867,36.0,153,0.6897
2025-07-30,38,1.87397,29.0,170,0.782
2025-07-31,38,1.882109,32.0,176,0.7698
2025-08-01,38,1.912018,34.0,177,0.7571
2025-08-02,38,1.950743,47.0,186,0.6846
2025-08-03,38,1.592987,43.0,200,0.7362
2025-08-04,38,1.802861,33.0,195,0.7911
2025-08-05,38,1.91739,23.0,190,0.8497
2025-08-06,38,1.949934,29.0,179,0.7958
2025-08-07,38,1.853058,10.0,186,0.9329
2025-08-08,38,1.720127,23.0,186,0.8456
2025-08-09,38,1.607522,19.0,203,0.8855
2025-08-10,38,1.454418,29.0,213,0.8352
2025-08-11,38,1.356558,30.0,204,0.8214
2025-08-12,38,1.629494,13.0,199,0.9202
2025-08-13,38,1.37254,17.0,196,0.8931
2025-08-14,38,1.689184,28.0,191,0.8182
2025-08-15,38,1.536667,27.0,192,0.8258
2025-08-16,38,1.521612,35.0,201,0.7866
2025-08-17,38,1.407154,17.0,208,0.9006
2025-08-18,38,1.278196,18.0,194,0.8854
2025-08-19,38,1.470329,24.0,188,0.8411
2025-08-20,38,1.62978,18.0,172,0.8667
2025-08-21,38,1.488056,17.0,173,0.875
2025-08-22,38,1.348545,18.0,184,0.8776
2025-08-23,38,1.336903,19.0,193,0.8782
2025-08-24,38,1.332759,22.0,197,0.8634
2025-08-25,38,1.33271,28.0,195,0.8228
2025-08-26,38,1.46073,30.0,195,0.8101
2025-08-27,38,1.201016,32.0,192,0.7935
2025-08-28,38,1.371258,24.0,204,0.8563
2025-08-29,38,1.513476,20.0,201,0.878
2025-08-30,38,1.536951,20.0,213,0.8864
2025-08-31,38,1.27692,13.0,226,0.9312
2025-09-01,38,1.477737,21.0,218,0.884
2025-09-02,38,1.243762,19.0,196,0.8805
2025-09-03,38,1.291939,31.0,205,0.8155
2025-09-04,38,1.474401,38.0,208,0.7778
2025-09-05,38,1.367985,40.0,211,0.7701
2025-09-06,38,1.180498,28.0,222,0.8486
2025-09-07,38,1.193906,18.0,234,0.9086
2025-09-08,38,1.320999,20.0,225,0.8936
2025-09-09,38,1.49111,21.0,218,0.884
2025-09-10,38,1.558192,22.0,218,0.8785
2025-09-11,38,1.632532,27.0,205,0.8393
2025-09-12,38,1.921563,27.0,204,0.8383
2025-09-13,38,1.911172,20.0,198,0.8758
2025-09-14,38,2.110428,22.0,203,0.8675
2025-09-15,38,1.886135,33.0,205,0.8036
2025-09-16,38,1.974158,23.0,207,0.8647
2025-09-17,38,1.863467,22.0,197,0.8625
2025-09-18,38,1.842985,22.0,192,0.8581
2025-09-19,38,2.105306,26.0,200,0.8405
2025-09-20,38,1.977836,28.0,203,0.8313
2025-09-21,38,2.417411,39.0,164,0.6929
2025-09-22,38,2.29775,28.0,161,0.7742
2025-09-23,38,2.057983,29.0,151,0.7456
2025-09-24,38,2.659876,46.0,140,0.5534
2025-09-25,38,2.142512,30.0,153,0.7414
2025-09-26,38,2.12273,30.0,149,0.7321
2025-09-27,38,2.024317,28.0,151,0.7544
2025-09-28,38,2.144114,41.0,158,0.6612
2025-09-29,38,1.921688,31.0,156,0.7395
2025-09-30,38,2.156522,41.0,148,0.6306
2025-10-01,38,2.42102,39.0,152,0.6609
2025-10-02,38,1.749429,48.0,157,0.6
2025-10-03,38,1.924995,23.0,151,0.7982
2025-10-04,38,1.886733,31.0,160,0.748
2025-10-05,38,2.263668,47.0,167,0.6385
2025-10-06,38,2.465435,34.0,153,0.7069
2025-10-07,38,2.407794,26.0,140,0.7476
2025-10-08,38,2.043612,34.0,139,0.6667
2025-10-09,38,2.047283,26.0,149,0.7679
2025-10-10,38,1.740267,24.0,172,0.8222
2025-10-11,38,1.720615,23.0,180,0.8392
2025-10-12,38,1.547056,30.0,187,0.8
2025-10-13,38,1.238272,26.0,179,0.8169
2025-10-14,38,1.075587,20.0,167,0.8473
2025-10-15,38,1.534502,23.0,175,0.8333
2025-10-16,38,1.403389,21.0,173,0.8456
2025-10-17,38,1.283792,30.0,172,0.7778
2025-10-18,38,1.388994,28.0,172,0.7926
2025-10-19,38,1.49941,24.0,181,0.8333
2025-10-20,38,1.225029,39.0,182,0.731
2025-10-21,38,1.097046,23.0,173,0.8309
2025-10-22,38,1.071347,32.0,180,0.7762
2025-10-23,38,1.13496,20.0,176,0.8561
2025-10-24,38,1.106959,30.0,176,0.7842
2025-10-25,38,0.984842,20.0,184,0.8639
2025-10-26,38,1.403427,22.0,189,0.8553
2025-10-27,38,1.511897,19.0,185,0.8716
2025-10-28,38,1.504235,20.0,178,0.8582
2025-10-29,38,1.451061,18.0,178,0.8723
2025-10-30,38,1.385726,21.0,171,0.8444
2025-10-31,38,1.305308,25.0,178,0.8227
2025-11-01,38,1.394552,27.0,189,0.8224
2025-11-02,38,1.36005,28.0,197,0.825
2025-11-03,38,1.360354,28.0,188,0.8146
2025-11-04,38,1.41819,27.0,179,0.8099
2025-11-05,38,1.085954,33.0,202,0.8
2025-11-06,38,0.856735,29.0,194,0.8153
2025-11-07,38,0.838112,27.0,179,0.8099
2025-11-08,38,0.713463,30.0,187,0.8
2025-11-09,38,0.653709,21.0,179,0.8521
2025-11-10,38,0.567906,21.0,167,0.8385
2025-11-11,38,0.42432,36.0,163,0.7143
2025-11-12,38,0.808852,23.0,175,0.8333
2025-11-13,38,0.852697,25.0,166,0.8062
2025-11-14,38,0.658111,43.0,180,0.6993
2025-11-15,38,0.679244,33.0,196,0.7925
2025-11-16,38,0.653884,39.0,196,0.7547
2025-11-17,38,0.623697,38.0,196,0.761
2025-11-18,38,0.512774,33.0,195,0.7911
2025-11-19,38,0.75535,29.0,181,0.7986
2025-11-20,38,0.891726,29.0,174,0.7883
2025-11-21,38,1.008152,31.0,170,0.7669
2025-11-22,38,0.853276,33.0,175,0.7609
2025-11-23,38,0.811951,34.0,180,0.7622
2025-11-24,38,1.031098,24.0,172,0.8222
2025-11-25,38,1.182327,32.0,167,0.7538
2025-11-26,38,1.248151,31.0,179,0.7817
2025-11-27,38,1.388135,40.0,184,0.7279
2025-11-28,38,1.525126,39.0,185,0.7365
2025-11-29,38,1.635728,39.0,199,0.7593
2025-11-30,38,1.715291,32.0,209,0.814
2025-12-01,38,1.904384,25.0,191,0.8377
2025-12-02,38,1.710313,25.0,190,0.8366
2025-12-03,38,1.823018,24.0,186,0.8389
2025-12-04,38,1.602165,27.0,167,0.7923
2025-12-05,38,1.513221,35.0,176,0.7482
2025-12-06,38,1.693871,46.0,188,0.6954
2025-12-07,38,1.859953,36.0,195,0.7722
2025-12-08,38,1.807121,36.0,189,0.7632
2025-12-09,38,1.764864,36.0,183,0.7534
2025-12-10,38,2.314468,36.0,175,0.7391
2025-12-11,38,2.225336,42.0,187,0.72
2025-12-12,38,1.897036,29.0,182,0.8
2025-12-13,38,1.703935,32.0,187,0.7867
2025-12-14,38,1.923062,30.0,189,0.8026
2025-12-15,38,1.864735,27.0,179,0.8099
2025-12-16,38,1.901548,25.0,173,0.8162
2025-12-17,38,2.045433,24.0,161,0.8065
2025-12-18,38,1.761469,23.0,151,0.7982
2025-12-19,38,1.649085,21.0,156,0.8235
2025-12-20,38,1.754559,23.0,168,0.8244
2025-12-21,38,1.556051,27.0,169,0.7955
2025-12-22,38,1.502204,26.0,166,0.7984
2025-12-23,38,1.583702,22.0,155,0.8136
2025-12-24,38,1.942443,22.0,165,0.8281
2025-12-25,38,1.791575,36.0,174,0.7372
2025-12-26,38,1.751334,20.0,156,0.8319
2025-12-27,38,1.655902,30.0,165,0.7656
2025-12-28,38,1.515468,27.0,174,0.8029
2025-12-29,38,1.641297,33.0,160,0.7317
2025-12-30,38,1.4496,22.0,148,0.8018
2025-12-31,38,1.249147,24.0,151,0.7895
2026-01-01,38,1.689763,29.0,142,0.7238
2026-01-02,38,1.424584,36.0,162,0.712
2026-01-03,38,1.436359,31.0,161,0.75
2026-01-04,38,2.056363,40.0,173,0.7059
2026-01-05,38,1.920324,37.0,162,0.704
2026-01-06,38,2.014713,38.0,159,0.6885
2026-01-07,38,1.693484,49.0,169,0.6288
2026-01-08,38,1.764516,26.0,171,0.806
2026-01-09,38,2.434591,26.0,172,0.8074
2026-01-10,38,2.451433,37.0,187,0.7533
2026-01-11,38,2.427663,36.0,197,0.775
2026-01-12,38,2.07774,36.0,197,0.775
2026-01-13,38,2.196864,37.0,183,0.7466
2026-01-14,38,2.578102,38.0,180,0.7343
2026-01-15,38,2.206473,48.0,181,0.6667
2026-01-16,38,1.461615,27.0,171,0.7985
2026-01-17,38,1.369799,27.0,181,0.8125
2026-01-18,38,1.998352,36.0,189,0.7632
2026-01-19,38,1.608708,37.0,176,0.7338
2026-01-20,38,1.225082,33.0,173,0.7574
2026-01-21,38,1.468251,41.0,182,0.7172
2026-01-22,38,1.852787,33.0,183,0.774
2026-01-23,38,1.930792,17.0,183,0.8836
2026-01-24,38,1.944364,17.0,183,0.8836
2026-01-25,38,1.893304,19.0,198,0.882
2026-01-26,38,1.944054,21.0,190,0.8627
2026-01-27,38,1.78529,16.0,185,0.8919
2026-01-28,38,1.405258,22.0,185,0.8514
2026-01-29,38,1.399722,13.0,178,0.9078
2026-01-30,38,1.223479,13.0,213,0.9261
2026-01-31,38,1.166703,14.0,209,0.9186
2026-02-01,38,1.384593,9.0,215,0.9494
2026-02-02,38,1.160682,12.0,194,0.9236
2026-02-03,38,1.270516,13.0,194,0.9172
2026-02-04,38,1.083294,16.0,200,0.9018
2026-02-05,38,1.180943,22.0,186,0.8523
2026-02-06,38,1.337625,38.0,187,0.7467
2026-02-07,38,1.343645,20.0,192,0.871
2026-02-08,38,1.176024,33.0,201,0.7988
2026-02-09,38,1.265132,28.0,208,0.8363
2026-02-10,38,1.344247,16.0,197,0.9
2026-02-11,38,1.490868,39.0,207,0.7706
2026-02-12,38,1.505019,17.0,216,0.905
2026-02-13,38,1.343513,21.0,209,0.8779
2026-02-14,38,1.36016,23.0,217,0.8722
2026-02-15,38,1.447241,29.0,227,0.8474
2026-02-16,38,1.446148,17.0,222,0.9081
2026-02-17,38,1.357349,22.0,216,0.8771
2026-02-18,38,1.405146,26.0,218,0.8564
2026-02-19,38,1.256189,27.0,222,0.8541
2026-02-20,38,1.092493,27.0,210,0.8439
2026-02-21,38,1.246591,21.0,213,0.8807
2026-02-22,38,1.122299,27.0,221,0.8533
2026-02-23,38,1.162801,23.0,206,0.8639
2026-02-24,38,1.420948,24.0,199,0.8519
2026-02-25,38,1.064802,19.0,197,0.8812
2026-02-26,38,0.888419,15.0,190,0.902
2026-02-27,38,0.80356,23.0,175,0.8333
2026-02-28,38,0.788469,26.0,184,0.8231
2026-03-01,38,0.966942,39.0,202,0.7636
2026-03-02,38,1.282189,39.0,194,0.7516
2026-03-03,38,1.173625,35.0,185,0.7635
2026-03-04,38,1.076319,37.0,208,0.7836
2026-03-05,38,1.201063,32.0,234,0.8376
2026-03-06,38,1.05865,20.0,210,0.8844
2026-03-07,38,1.084123,19.0,219,0.8956
2026-03-08,38,1.288308,32.0,222,0.827
2026-03-09,38,1.108759,22.0,216,0.8771
2026-03-10,38,1.181035,39.0,219,0.7857
2026-03-11,38,1.154073,38.0,218,0.7901
2026-03-12,38,1.28369,33.0,226,0.8254
2026-03-13,38,1.226461,34.0,233,0.8265
2026-03-14,38,1.06118,33.0,251,0.8458
2026-03-15,38,1.049725,39.0,260,0.8251
2026-03-16,38,0.941561,35.0,254,0.8387
2026-03-17,38,0.978331,33.0,251,0.8458
2026-03-18,38,0.927858,31.0,253,0.8565
2026-03-19,38,0.816643,29.0,255,0.867
2026-03-20,38,0.538939,35.0,260,0.843
2026-03-21,38,0.536002,34.0,262,0.8489
2026-03-22,38,0.659184,23.0,272,0.9021
2026-03-23,38,0.64595,37.0,275,0.8445
2026-03-24,38,0.714324,31.0,262,0.8622
2026-03-25,38,0.920312,19.0,257,0.9136
2026-03-26,38,0.993276,14.0,267,0.9391
2026-03-27,38,1.159615,16.0,275,0.9328
2026-03-28,38,1.092993,43.0,270,0.8155
2026-03-29,38,1.118091,21.0,280,0.9136
2026-03-30,38,1.142066,32.0,274,0.865
2026-03-31,38,1.08973,19.0,269,0.9181
2026-04-01,38,0.992455,10.0,281,0.959
2026-04-02,38,0.646005,9.0,276,0.9623
2026-04-03,38,0.750826,14.0,297,0.9462
2026-04-04,38,0.805715,11.0,297,0.9577
2026-04-05,38,0.871173,17.0,315,0.9388
2026-04-06,38,0.804362,24.0,304,0.9101
2026-04-07,38,0.732748,19.0,295,0.9264
2026-04-08,38,0.572613,20.0,380,0.9417
2026-04-09,38,0.741489,52.0,369,0.8434
2026-04-10,38,0.513013,50.0,358,0.8442
2026-04-11,38,0.71173,48.0,364,0.8532
2026-04-12,38,0.645137,49.0,375,0.855
2026-04-13,38,0.905663,37.0,352,0.8825
2026-04-14,38,0.999149,39.0,348,0.8746
2026-04-15,38,0.834126,35.0,337,0.8833
2026-04-16,38,0.918856,16.0,335,0.9463
2026-04-17,38,0.777077,13.0,330,0.9556
2026-04-18,38,0.895389,38.0,314,0.8628
2026-04-19,38,0.884465,24.0,328,0.9175
2026-04-20,38,0.869284,18.0,315,0.9353
2026-04-21,38,0.813656,28.0,302,0.8943
2026-04-22,38,0.684609,24.0,331,0.9184
2026-04-23,38,0.642475,31.0,344,0.8994
2026-04-24,38,0.760037,5.0,342,0.9836
2026-04-25,38,0.813658,7.0,338,0.9767
2026-04-26,38,0.782037,12.0,340,0.9604
2026-04-27,38,0.660393,25.0,330,0.9147
2026-04-28,38,0.623112,10.0,321,0.9648
2026-04-29,38,0.704135,11.0,306,0.9591
2026-04-30,38,0.503702,6.0,296,0.9769
2026-05-01,38,0.5339,29.0,290,0.8858
2026-05-02,38,0.470636,6.0,292,0.9765
2026-05-03,38,0.464625,7.0,294,0.9728
2026-05-04,38,0.448192,7.0,280,0.9712
2026-05-05,38,0.527199,7.0,258,0.9683
2026-05-06,38,0.615061,13.0,252,0.9395
2026-05-07,38,0.528405,7.0,246,0.9665
2026-05-08,38,1.338941,38.0,210,0.7803
2026-05-09,38,1.597919,12.0,219,0.9341
2026-05-10,38,1.75221,12.0,227,0.9368
2026-05-11,38,1.578439,12.0,214,0.9322
2026-05-12,38,1.635779,12.0,212,0.9314
2026-05-13,38,1.456043,17.0,204,0.8982
2026-05-14,38,1.412562,11.0,203,0.9337
2026-05-15,38,1.427387,16.0,205,0.9048
2026-05-16,38,1.404543,14.0,207,0.9176
2026-05-17,38,1.35916,12.0,208,0.9298
2026-05-18,38,1.470141,19.0,198,0.882
2026-05-19,38,1.546245,18.0,194,0.8854
2026-05-20,38,1.2752,14.0,211,0.9195
2026-05-21,38,1.280956,17.0,208,0.9006
