date,n_both,flip_rate,churn_rate,n_either
2021-07-15,0,,,
2021-07-16,31,0.2258,0.4259,54.0
2021-07-17,138,0.2391,0.6722,421.0
2021-07-18,127,0.0945,0.6785,395.0
2021-07-19,131,0.0916,0.6805,410.0
2021-07-20,139,0.0791,0.6634,413.0
2021-07-21,145,0.0552,0.6234,385.0
2021-07-22,148,0.0608,0.5912,362.0
2021-07-23,139,0.036,0.604,351.0
2021-07-24,137,0.0365,0.6184,359.0
2021-07-25,137,0.0438,0.6277,368.0
2021-07-26,136,0.0368,0.6334,371.0
2021-07-27,142,0.0282,0.6273,381.0
2021-07-28,140,0.0643,0.6133,362.0
2021-07-29,141,0.0567,0.6158,367.0
2021-07-30,140,0.0714,0.6257,374.0
2021-07-31,146,0.089,0.6188,383.0
2021-08-01,145,0.0828,0.6234,385.0
2021-08-02,139,0.0791,0.639,385.0
2021-08-03,143,0.1049,0.6146,371.0
2021-08-04,138,0.0725,0.624,367.0
2021-08-05,141,0.0709,0.605,357.0
2021-08-06,127,0.0472,0.6433,356.0
2021-08-07,131,0.0382,0.6181,343.0
2021-08-08,151,0.0331,0.5598,343.0
2021-08-09,158,0.0253,0.5394,343.0
2021-08-10,159,0.0314,0.5405,346.0
2021-08-11,147,0.0136,0.595,363.0
2021-08-12,150,0.0267,0.5775,355.0
2021-08-13,157,0.0892,0.5757,370.0
2021-08-14,155,0.0581,0.573,363.0
2021-08-15,153,0.0719,0.5785,363.0
2021-08-16,161,0.087,0.5752,379.0
2021-08-17,148,0.0541,0.6011,371.0
2021-08-18,167,0.0838,0.5215,349.0
2021-08-19,164,0.0732,0.5519,366.0
2021-08-20,129,0.0698,0.6346,353.0
2021-08-21,138,0.0725,0.6057,350.0
2021-08-22,135,0.0815,0.6281,363.0
2021-08-23,137,0.0584,0.6184,359.0
2021-08-24,139,0.0432,0.6253,371.0
2021-08-25,139,0.0288,0.6181,364.0
2021-08-26,136,0.0368,0.6274,365.0
2021-08-27,135,0.0444,0.6438,379.0
2021-08-28,138,0.0507,0.6497,394.0
2021-08-29,142,0.0493,0.6312,385.0
2021-08-30,147,0.0476,0.6269,394.0
2021-08-31,146,0.0548,0.6294,394.0
2021-09-01,151,0.0397,0.6057,383.0
2021-09-02,150,0.0533,0.6094,384.0
2021-09-03,147,0.0476,0.6221,389.0
2021-09-04,146,0.0479,0.6313,396.0
2021-09-05,145,0.0414,0.6357,398.0
2021-09-06,141,0.0567,0.6366,388.0
2021-09-07,143,0.042,0.6276,384.0
2021-09-08,151,0.0596,0.584,363.0
2021-09-09,140,0.0286,0.6185,367.0
2021-09-10,132,0.053,0.6526,380.0
2021-09-11,139,0.0719,0.6352,381.0
2021-09-12,139,0.0576,0.6542,402.0
2021-09-13,136,0.0441,0.6477,386.0
2021-09-14,131,0.0382,0.6615,387.0
2021-09-15,120,0.0667,0.6954,394.0
2021-09-16,125,0.064,0.6803,391.0
2021-09-17,128,0.0859,0.6863,408.0
2021-09-18,135,0.1407,0.6723,412.0
2021-09-19,109,0.0459,0.7147,382.0
2021-09-20,138,0.1014,0.682,434.0
2021-09-21,135,0.1185,0.6831,426.0
2021-09-22,136,0.0809,0.6731,416.0
2021-09-23,132,0.053,0.6526,380.0
2021-09-24,137,0.0292,0.6347,375.0
2021-09-25,143,0.0839,0.6295,386.0
2021-09-26,146,0.1027,0.6473,414.0
2021-09-27,143,0.0909,0.6512,410.0
2021-09-28,148,0.0203,0.6205,390.0
2021-09-29,143,0.035,0.6187,375.0
2021-09-30,138,0.029,0.634,377.0
2021-10-01,142,0.0282,0.6131,367.0
2021-10-02,150,0.04,0.6094,384.0
2021-10-03,149,0.0403,0.6228,395.0
2021-10-04,145,0.0345,0.6113,373.0
2021-10-05,155,0.0452,0.6015,389.0
2021-10-06,154,0.0455,0.5904,376.0
2021-10-07,156,0.0513,0.5927,383.0
2021-10-08,154,0.026,0.5827,369.0
2021-10-09,156,0.0192,0.5772,369.0
2021-10-10,155,0.0194,0.6036,391.0
2021-10-11,155,0.0194,0.6015,389.0
2021-10-12,157,0.0382,0.6045,397.0
2021-10-13,157,0.0318,0.589,382.0
2021-10-14,154,0.026,0.6111,396.0
2021-10-15,149,0.0067,0.6312,404.0
2021-10-16,152,0.0197,0.6311,412.0
2021-10-17,167,0.0479,0.5937,411.0
2021-10-18,169,0.0473,0.5898,412.0
2021-10-19,160,0.0375,0.6059,406.0
2021-10-20,173,0.0694,0.59,422.0
2021-10-21,157,0.0637,0.6161,409.0
2021-10-22,141,0.0496,0.6439,396.0
2021-10-23,143,0.035,0.6093,366.0
2021-10-24,150,0.0533,0.5798,357.0
2021-10-25,150,0.06,0.5902,366.0
2021-10-26,132,0.0227,0.6517,379.0
2021-10-27,129,0.0155,0.6446,363.0
2021-10-28,130,0.0154,0.6286,350.0
2021-10-29,129,0.0388,0.6272,346.0
2021-10-30,127,0.0236,0.6287,342.0
2021-10-31,123,0.0163,0.6555,357.0
2021-11-01,127,0.0315,0.654,367.0
2021-11-02,124,0.0403,0.6658,371.0
2021-11-03,117,0.0684,0.6648,349.0
2021-11-04,119,0.0924,0.6561,346.0
2021-11-05,123,0.1138,0.6273,330.0
2021-11-06,119,0.1008,0.6619,352.0
2021-11-07,119,0.084,0.6541,344.0
2021-11-08,117,0.0769,0.6686,353.0
2021-11-09,122,0.0984,0.6611,360.0
2021-11-10,117,0.0769,0.6569,341.0
2021-11-11,119,0.0672,0.649,339.0
2021-11-12,121,0.0661,0.6311,328.0
2021-11-13,127,0.1654,0.6433,356.0
2021-11-14,131,0.1985,0.6534,378.0
2021-11-15,133,0.1955,0.6491,379.0
2021-11-16,121,0.1736,0.663,359.0
2021-11-17,105,0.0952,0.7059,357.0
2021-11-18,107,0.1215,0.6916,347.0
2021-11-19,87,0.069,0.7315,324.0
2021-11-20,89,0.0562,0.7287,328.0
2021-11-21,84,0.0952,0.7367,319.0
2021-11-22,94,0.0851,0.7134,328.0
2021-11-23,94,0.1064,0.7072,321.0
2021-11-24,90,0.1,0.7097,310.0
2021-11-25,83,0.0482,0.7279,305.0
2021-11-26,136,0.0074,0.5776,322.0
2021-11-27,130,0.0385,0.5938,320.0
2021-11-28,139,0.0576,0.5736,326.0
2021-11-29,132,0.0379,0.5913,323.0
2021-11-30,139,0.036,0.5813,332.0
2021-12-01,136,0.0368,0.5683,315.0
2021-12-02,132,0.0606,0.5756,311.0
2021-12-03,128,0.0703,0.6098,328.0
2021-12-04,125,0.088,0.5981,311.0
2021-12-05,111,0.0991,0.6595,326.0
2021-12-06,112,0.125,0.6872,358.0
2021-12-07,117,0.1197,0.6713,356.0
2021-12-08,119,0.1176,0.6722,363.0
2021-12-09,123,0.1382,0.6555,357.0
2021-12-10,108,0.0926,0.7017,362.0
2021-12-11,101,0.099,0.7255,368.0
2021-12-12,105,0.1238,0.7075,359.0
2021-12-13,109,0.1743,0.703,367.0
2021-12-14,110,0.2091,0.7113,381.0
2021-12-15,113,0.1858,0.6962,372.0
2021-12-16,105,0.1524,0.7147,368.0
2021-12-17,106,0.1226,0.708,363.0
2021-12-18,104,0.1346,0.7151,365.0
2021-12-19,94,0.117,0.7493,375.0
2021-12-20,101,0.1188,0.737,384.0
2021-12-21,109,0.1193,0.7309,405.0
2021-12-22,110,0.1455,0.7337,413.0
2021-12-23,110,0.1636,0.7381,420.0
2021-12-24,105,0.1714,0.7512,422.0
2021-12-25,111,0.1802,0.7419,430.0
2021-12-26,169,0.0,0.5678,391.0
2021-12-27,164,0.0,0.5806,391.0
2021-12-28,165,0.0061,0.578,391.0
2021-12-29,166,0.0241,0.5871,402.0
2021-12-30,156,0.0321,0.6195,410.0
2021-12-31,160,0.0125,0.6107,411.0
2022-01-01,159,0.0,0.6141,412.0
2022-01-02,165,0.0,0.6043,417.0
2022-01-03,157,0.0064,0.6104,403.0
2022-01-04,154,0.0065,0.6179,403.0
2022-01-05,156,0.0192,0.6355,428.0
2022-01-06,137,0.0219,0.6761,423.0
2022-01-07,141,0.0284,0.6619,417.0
2022-01-08,139,0.0216,0.6812,436.0
2022-01-09,142,0.0211,0.6844,450.0
2022-01-10,138,0.0217,0.6842,437.0
2022-01-11,138,0.0362,0.6745,424.0
2022-01-12,133,0.0226,0.678,413.0
2022-01-13,143,0.014,0.6425,400.0
2022-01-14,154,0.0195,0.6131,398.0
2022-01-15,163,0.0184,0.5925,400.0
2022-01-16,169,0.0178,0.5918,414.0
2022-01-17,173,0.0289,0.5749,407.0
2022-01-18,176,0.0398,0.5567,397.0
2022-01-19,177,0.0452,0.5608,403.0
2022-01-20,147,0.0408,0.625,392.0
2022-01-21,153,0.0131,0.6087,391.0
2022-01-22,156,0.0256,0.6148,405.0
2022-01-23,160,0.0563,0.6244,426.0
2022-01-24,152,0.0658,0.6473,431.0
2022-01-25,141,0.0922,0.6289,380.0
2022-01-26,134,0.0821,0.651,384.0
2022-01-27,136,0.0588,0.6344,372.0
2022-01-28,136,0.0515,0.6548,394.0
2022-01-29,137,0.0511,0.654,396.0
2022-01-30,158,0.0633,0.6184,414.0
2022-01-31,158,0.019,0.6229,419.0
2022-02-01,149,0.0268,0.6375,411.0
2022-02-02,145,0.0276,0.6282,390.0
2022-02-03,142,0.0493,0.6331,387.0
2022-02-04,150,0.1,0.6259,401.0
2022-02-05,136,0.0662,0.6495,388.0
2022-02-06,140,0.0857,0.6429,392.0
2022-02-07,133,0.0902,0.665,397.0
2022-02-08,129,0.0853,0.6742,396.0
2022-02-09,132,0.0909,0.6658,395.0
2022-02-10,131,0.0992,0.6534,378.0
2022-02-11,120,0.075,0.661,354.0
2022-02-12,125,0.072,0.6459,353.0
2022-02-13,133,0.0902,0.6336,363.0
2022-02-14,129,0.0853,0.6514,370.0
2022-02-15,131,0.0916,0.6431,367.0
2022-02-16,130,0.0923,0.6369,358.0
2022-02-17,124,0.0242,0.6447,349.0
2022-02-18,137,0.0876,0.6184,359.0
2022-02-19,126,0.0635,0.5949,311.0
2022-02-20,123,0.0569,0.6045,311.0
2022-02-21,126,0.0556,0.5882,306.0
2022-02-22,123,0.0569,0.612,317.0
2022-02-23,124,0.0806,0.6076,316.0
2022-02-24,129,0.124,0.5686,299.0
2022-02-25,143,0.1119,0.568,331.0
2022-02-26,132,0.1061,0.6207,348.0
2022-02-27,132,0.0909,0.6152,343.0
2022-02-28,127,0.0866,0.622,336.0
2022-03-01,144,0.125,0.6119,371.0
2022-03-02,138,0.0725,0.6397,383.0
2022-03-03,129,0.0698,0.6623,382.0
2022-03-04,131,0.0916,0.6615,387.0
2022-03-05,136,0.0809,0.6691,411.0
2022-03-06,137,0.1168,0.6982,454.0
2022-03-07,131,0.0916,0.6843,415.0
2022-03-08,139,0.0863,0.6626,412.0
2022-03-09,138,0.087,0.7095,475.0
2022-03-10,133,0.0752,0.6963,438.0
2022-03-11,140,0.1143,0.6903,452.0
2022-03-12,137,0.0949,0.7054,465.0
2022-03-13,128,0.0703,0.7223,461.0
2022-03-14,129,0.1008,0.7081,442.0
2022-03-15,131,0.1069,0.7127,456.0
2022-03-16,131,0.0916,0.7036,442.0
2022-03-17,139,0.0791,0.6706,422.0
2022-03-18,138,0.058,0.6567,402.0
2022-03-19,133,0.0602,0.6772,412.0
2022-03-20,147,0.0748,0.6441,413.0
2022-03-21,148,0.0541,0.639,410.0
2022-03-22,140,0.05,0.661,413.0
2022-03-23,135,0.0519,0.6642,402.0
2022-03-24,133,0.0451,0.6607,392.0
2022-03-25,146,0.0411,0.6276,392.0
2022-03-26,136,0.0515,0.6739,417.0
2022-03-27,160,0.0563,0.6355,439.0
2022-03-28,173,0.0636,0.605,438.0
2022-03-29,159,0.0503,0.637,438.0
2022-03-30,162,0.0494,0.6124,418.0
2022-03-31,176,0.017,0.5819,421.0
2022-04-01,173,0.0462,0.6077,441.0
2022-04-02,177,0.0395,0.5986,441.0
2022-04-03,182,0.0275,0.5767,430.0
2022-04-04,190,0.0368,0.5682,440.0
2022-04-05,199,0.0854,0.573,466.0
2022-04-06,184,0.0054,0.5306,392.0
2022-04-07,185,0.0162,0.534,397.0
2022-04-08,190,0.0474,0.5711,443.0
2022-04-09,182,0.0495,0.5873,441.0
2022-04-10,195,0.0821,0.5608,444.0
2022-04-11,198,0.096,0.5686,459.0
2022-04-12,202,0.0891,0.5647,464.0
2022-04-13,193,0.0881,0.5614,440.0
2022-04-14,179,0.0838,0.604,452.0
2022-04-15,182,0.1044,0.5854,439.0
2022-04-16,167,0.0659,0.6222,442.0
2022-04-17,173,0.0751,0.591,423.0
2022-04-18,175,0.08,0.5902,427.0
2022-04-19,174,0.0632,0.5797,414.0
2022-04-20,160,0.0375,0.6163,417.0
2022-04-21,157,0.0637,0.6382,434.0
2022-04-22,144,0.0625,0.6538,416.0
2022-04-23,154,0.0649,0.6325,419.0
2022-04-24,153,0.0719,0.645,431.0
2022-04-25,163,0.1227,0.6362,448.0
2022-04-26,160,0.1,0.6172,418.0
2022-04-27,155,0.0774,0.6201,408.0
2022-04-28,153,0.1176,0.6322,416.0
2022-04-29,147,0.1156,0.6352,403.0
2022-04-30,142,0.0915,0.6273,381.0
2022-05-01,143,0.1049,0.6425,400.0
2022-05-02,136,0.1029,0.644,382.0
2022-05-03,129,0.0775,0.6485,367.0
2022-05-04,124,0.0645,0.663,368.0
2022-05-05,137,0.073,0.6549,397.0
2022-05-06,139,0.0863,0.6128,359.0
2022-05-07,139,0.0791,0.6293,375.0
2022-05-08,137,0.0584,0.6184,359.0
2022-05-09,166,0.0783,0.5538,372.0
2022-05-10,157,0.0382,0.571,366.0
2022-05-11,151,0.0596,0.5817,361.0
2022-05-12,147,0.0476,0.5917,360.0
2022-05-13,152,0.0329,0.5742,357.0
2022-05-14,148,0.0473,0.5783,351.0
2022-05-15,150,0.06,0.5627,343.0
2022-05-16,140,0.0643,0.5977,348.0
2022-05-17,141,0.0638,0.5994,352.0
2022-05-18,151,0.0596,0.5863,365.0
2022-05-19,153,0.0588,0.5591,347.0
2022-05-20,149,0.0537,0.5755,351.0
2022-05-21,154,0.0584,0.5827,369.0
2022-05-22,146,0.0274,0.5829,350.0
2022-05-23,156,0.0385,0.5655,359.0
2022-05-24,155,0.0452,0.5867,375.0
2022-05-25,163,0.0368,0.5642,374.0
2022-05-26,156,0.0385,0.609,399.0
2022-05-27,160,0.0187,0.571,373.0
2022-05-28,161,0.0124,0.566,371.0
2022-05-29,149,0.0201,0.613,385.0
2022-05-30,146,0.0205,0.6138,378.0
2022-05-31,145,0.0276,0.6164,378.0
2022-06-01,137,0.0365,0.6277,368.0
2022-06-02,135,0.0074,0.6281,363.0
2022-06-03,136,0.0294,0.6393,377.0
2022-06-04,166,0.0964,0.5911,406.0
2022-06-05,165,0.1091,0.625,440.0
2022-06-06,164,0.1098,0.6204,432.0
2022-06-07,169,0.1243,0.6106,434.0
2022-06-08,162,0.0988,0.636,445.0
2022-06-09,142,0.0915,0.6736,435.0
2022-06-10,133,0.0602,0.6675,400.0
2022-06-11,133,0.0902,0.6803,416.0
2022-06-12,130,0.0462,0.6597,382.0
2022-06-13,149,0.0336,0.5873,361.0
2022-06-14,150,0.02,0.5845,361.0
2022-06-15,149,0.0201,0.5718,348.0
2022-06-16,149,0.0134,0.5681,345.0
2022-06-17,156,0.0064,0.5618,356.0
2022-06-18,167,0.024,0.5486,370.0
2022-06-19,162,0.0247,0.5633,371.0
2022-06-20,164,0.0244,0.5507,365.0
2022-06-21,163,0.0307,0.5472,360.0
2022-06-22,169,0.0178,0.5279,358.0
2022-06-23,166,0.0241,0.5538,372.0
2022-06-24,180,0.0333,0.4958,357.0
2022-06-25,187,0.016,0.5371,404.0
2022-06-26,183,0.0055,0.5379,396.0
2022-06-27,183,0.0164,0.5222,383.0
2022-06-28,183,0.0109,0.547,404.0
2022-06-29,178,0.0112,0.5482,394.0
2022-06-30,186,0.0215,0.5169,385.0
2022-07-01,185,0.0216,0.5144,381.0
2022-07-02,178,0.0281,0.5316,380.0
2022-07-03,184,0.0598,0.5411,401.0
2022-07-04,188,0.0638,0.5502,418.0
2022-07-05,199,0.0955,0.5467,439.0
2022-07-06,184,0.0435,0.576,434.0
2022-07-07,188,0.016,0.5708,438.0
2022-07-08,159,0.0126,0.6395,441.0
2022-07-09,164,0.0427,0.6247,437.0
2022-07-10,161,0.0559,0.6111,414.0
2022-07-11,165,0.0667,0.6081,421.0
2022-07-12,166,0.1024,0.5585,376.0
2022-07-13,178,0.0843,0.5266,376.0
2022-07-14,172,0.0698,0.5413,375.0
2022-07-15,175,0.0514,0.5098,357.0
2022-07-16,139,0.0288,0.6128,359.0
2022-07-17,139,0.0216,0.6213,367.0
2022-07-18,144,0.0486,0.6354,395.0
2022-07-19,150,0.0533,0.6154,390.0
2022-07-20,151,0.0662,0.6138,391.0
2022-07-21,147,0.0272,0.6182,385.0
2022-07-22,144,0.0208,0.615,374.0
2022-07-23,150,0.06,0.6084,383.0
2022-07-24,137,0.0219,0.6376,378.0
2022-07-25,139,0.0432,0.6233,369.0
2022-07-26,141,0.0496,0.6116,363.0
2022-07-27,154,0.026,0.5804,367.0
2022-07-28,157,0.0255,0.5722,367.0
2022-07-29,152,0.0329,0.5858,367.0
2022-07-30,150,0.0333,0.589,365.0
2022-07-31,155,0.0387,0.5765,366.0
2022-08-01,155,0.0194,0.573,363.0
2022-08-02,151,0.0331,0.5886,367.0
2022-08-03,155,0.0516,0.5765,366.0
2022-08-04,172,0.0523,0.5326,368.0
2022-08-05,155,0.0387,0.5507,345.0
2022-08-06,150,0.0733,0.5714,350.0
2022-08-07,154,0.0584,0.5758,363.0
2022-08-08,149,0.0671,0.5895,363.0
2022-08-09,153,0.0654,0.5808,365.0
2022-08-10,147,0.0612,0.5995,367.0
2022-08-11,147,0.0816,0.6132,380.0
2022-08-12,150,0.0867,0.6231,398.0
2022-08-13,148,0.0811,0.6425,414.0
2022-08-14,144,0.0694,0.6522,414.0
2022-08-15,131,0.1145,0.6692,396.0
2022-08-16,131,0.0687,0.6717,399.0
2022-08-17,131,0.0916,0.6488,373.0
2022-08-18,143,0.1049,0.6305,387.0
2022-08-19,140,0.1357,0.6419,391.0
2022-08-20,136,0.1176,0.6421,380.0
2022-08-21,133,0.1203,0.6481,378.0
2022-08-22,138,0.1377,0.6378,381.0
2022-08-23,131,0.1298,0.6391,363.0
2022-08-24,130,0.1231,0.6254,347.0
2022-08-25,135,0.1185,0.6098,346.0
2022-08-26,142,0.0775,0.6045,359.0
2022-08-27,141,0.078,0.6179,369.0
2022-08-28,152,0.0987,0.6031,383.0
2022-08-29,141,0.0851,0.628,379.0
2022-08-30,145,0.0621,0.6092,371.0
2022-08-31,147,0.0816,0.6132,380.0
2022-09-01,146,0.0411,0.5944,360.0
2022-09-02,143,0.0559,0.5994,357.0
2022-09-03,150,0.0267,0.5946,370.0
2022-09-04,143,0.014,0.5879,347.0
2022-09-05,137,0.0219,0.6063,348.0
2022-09-06,146,0.0274,0.5852,352.0
2022-09-07,150,0.02,0.5575,339.0
2022-09-08,152,0.0066,0.5435,333.0
2022-09-09,151,0.0132,0.5585,342.0
2022-09-10,136,0.0147,0.6324,370.0
2022-09-11,142,0.0141,0.6141,368.0
2022-09-12,145,0.0552,0.6411,404.0
2022-09-13,151,0.0199,0.6148,392.0
2022-09-14,152,0.0263,0.6152,395.0
2022-09-15,144,0.0208,0.6269,386.0
2022-09-16,156,0.0192,0.5568,352.0
2022-09-17,167,0.0419,0.5412,364.0
2022-09-18,165,0.0364,0.5404,359.0
2022-09-19,164,0.0427,0.538,355.0
2022-09-20,167,0.0359,0.5425,365.0
2022-09-21,164,0.0305,0.5328,351.0
2022-09-22,162,0.0432,0.5411,353.0
2022-09-23,166,0.0422,0.535,357.0
2022-09-24,168,0.0417,0.5268,355.0
2022-09-25,172,0.0407,0.5182,357.0
2022-09-26,164,0.0427,0.5684,380.0
2022-09-27,168,0.0476,0.5602,382.0
2022-09-28,179,0.0559,0.548,396.0
2022-09-29,179,0.0223,0.5214,374.0
2022-09-30,175,0.04,0.5524,391.0
2022-10-01,184,0.038,0.5183,382.0
2022-10-02,186,0.0376,0.535,400.0
2022-10-03,184,0.038,0.5423,402.0
2022-10-04,195,0.0359,0.5209,407.0
2022-10-05,192,0.026,0.5188,399.0
2022-10-06,192,0.0156,0.5039,387.0
2022-10-07,197,0.0406,0.51,402.0
2022-10-08,200,0.03,0.4924,394.0
2022-10-09,202,0.0248,0.486,393.0
2022-10-10,197,0.0102,0.5,394.0
2022-10-11,194,0.0052,0.4868,378.0
2022-10-12,200,0.01,0.4652,374.0
2022-10-13,200,0.0,0.5,400.0
2022-10-14,203,0.0148,0.4795,390.0
2022-10-15,198,0.0152,0.4975,394.0
2022-10-16,197,0.0051,0.5148,406.0
2022-10-17,204,0.0049,0.4887,399.0
2022-10-18,201,0.01,0.5,402.0
2022-10-19,195,0.0051,0.5137,401.0
2022-10-20,200,0.01,0.4911,393.0
2022-10-21,187,0.016,0.5155,386.0
2022-10-22,194,0.0103,0.5051,392.0
2022-10-23,202,0.0149,0.4821,390.0
2022-10-24,193,0.0052,0.5064,391.0
2022-10-25,199,0.005,0.4949,394.0
2022-10-26,180,0.0056,0.5325,385.0
2022-10-27,180,0.0111,0.5109,368.0
2022-10-28,178,0.0169,0.5316,380.0
2022-10-29,174,0.0115,0.5335,373.0
2022-10-30,176,0.0114,0.5464,388.0
2022-10-31,182,0.0055,0.5198,379.0
2022-11-01,188,0.0106,0.5347,404.0
2022-11-02,182,0.0055,0.555,409.0
2022-11-03,180,0.0167,0.5567,406.0
2022-11-04,189,0.0159,0.5435,414.0
2022-11-05,187,0.0107,0.5417,408.0
2022-11-06,196,0.0204,0.5431,429.0
2022-11-07,194,0.0206,0.5233,407.0
2022-11-08,182,0.011,0.5495,404.0
2022-11-09,179,0.0056,0.5602,407.0
2022-11-10,209,0.0096,0.5396,454.0
2022-11-11,200,0.02,0.5146,412.0
2022-11-12,196,0.0306,0.5758,462.0
2022-11-13,190,0.0263,0.5632,435.0
2022-11-14,181,0.0221,0.582,433.0
2022-11-15,177,0.0169,0.5959,438.0
2022-11-16,177,0.0226,0.5835,425.0
2022-11-17,186,0.0376,0.5674,430.0
2022-11-18,179,0.0391,0.5828,429.0
2022-11-19,181,0.0442,0.5791,430.0
2022-11-20,182,0.033,0.5806,434.0
2022-11-21,189,0.0317,0.5594,429.0
2022-11-22,191,0.0419,0.5442,419.0
2022-11-23,190,0.0368,0.5377,411.0
2022-11-24,186,0.0269,0.5327,398.0
2022-11-25,174,0.0287,0.5595,395.0
2022-11-26,178,0.0281,0.5505,396.0
2022-11-27,182,0.0495,0.5427,398.0
2022-11-28,179,0.067,0.5252,377.0
2022-11-29,181,0.0718,0.5335,388.0
2022-11-30,187,0.0588,0.523,392.0
2022-12-01,187,0.0588,0.5254,394.0
2022-12-02,183,0.0656,0.5367,395.0
2022-12-03,164,0.0427,0.59,400.0
2022-12-04,165,0.0303,0.6081,421.0
2022-12-05,169,0.0296,0.5995,422.0
2022-12-06,170,0.0294,0.6019,427.0
2022-12-07,175,0.0686,0.5592,397.0
2022-12-08,162,0.0741,0.597,402.0
2022-12-09,169,0.0651,0.5878,410.0
2022-12-10,173,0.0809,0.605,438.0
2022-12-11,158,0.0253,0.601,396.0
2022-12-12,149,0.0336,0.6339,407.0
2022-12-13,156,0.0321,0.5884,379.0
2022-12-14,157,0.0255,0.5768,371.0
2022-12-15,164,0.0244,0.5751,386.0
2022-12-16,165,0.0364,0.5681,382.0
2022-12-17,169,0.0355,0.5732,396.0
2022-12-18,170,0.0412,0.5739,399.0
2022-12-19,172,0.0349,0.5646,395.0
2022-12-20,172,0.0233,0.5764,406.0
2022-12-21,172,0.0291,0.5635,394.0
2022-12-22,184,0.0598,0.5512,410.0
2022-12-23,184,0.0489,0.54,400.0
2022-12-24,175,0.04,0.5547,393.0
2022-12-25,185,0.0378,0.5499,411.0
2022-12-26,193,0.0363,0.5235,405.0
2022-12-27,210,0.0571,0.484,407.0
2022-12-28,201,0.0448,0.4937,397.0
2022-12-29,209,0.0431,0.4585,386.0
2022-12-30,208,0.0433,0.468,391.0
2022-12-31,217,0.0599,0.4534,397.0
2023-01-01,220,0.05,0.4458,397.0
2023-01-02,222,0.0541,0.4464,401.0
2023-01-03,204,0.049,0.4887,399.0
2023-01-04,205,0.078,0.5024,412.0
2023-01-05,192,0.0625,0.5224,402.0
2023-01-06,205,0.0488,0.4988,409.0
2023-01-07,209,0.0287,0.4939,413.0
2023-01-08,209,0.0478,0.5195,435.0
2023-01-09,166,0.0422,0.5891,404.0
2023-01-10,162,0.0247,0.5714,378.0
2023-01-11,168,0.0476,0.5532,376.0
2023-01-12,173,0.052,0.5471,382.0
2023-01-13,176,0.0114,0.5356,379.0
2023-01-14,170,0.0706,0.5854,410.0
2023-01-15,155,0.0645,0.6256,414.0
2023-01-16,153,0.0719,0.634,418.0
2023-01-17,156,0.0705,0.6241,415.0
2023-01-18,161,0.0311,0.6102,413.0
2023-01-19,160,0.0563,0.6049,405.0
2023-01-20,172,0.0465,0.5509,383.0
2023-01-21,169,0.0888,0.5898,412.0
2023-01-22,169,0.0888,0.5928,415.0
2023-01-23,167,0.0838,0.5856,403.0
2023-01-24,168,0.0655,0.5831,403.0
2023-01-25,164,0.0671,0.589,399.0
2023-01-26,159,0.0503,0.6035,401.0
2023-01-27,153,0.0719,0.6203,403.0
2023-01-28,162,0.0679,0.597,402.0
2023-01-29,146,0.0548,0.6359,401.0
2023-01-30,151,0.053,0.6281,406.0
2023-01-31,161,0.0621,0.6064,409.0
2023-02-01,153,0.0654,0.6313,415.0
2023-02-02,145,0.0621,0.6194,381.0
2023-02-03,156,0.1026,0.5749,367.0
2023-02-04,153,0.1046,0.5831,367.0
2023-02-05,144,0.1597,0.6462,407.0
2023-02-06,149,0.1611,0.6527,429.0
2023-02-07,146,0.1575,0.6499,417.0
2023-02-08,142,0.1197,0.6595,417.0
2023-02-09,133,0.0752,0.6826,419.0
2023-02-10,143,0.0839,0.6595,420.0
2023-02-11,151,0.0993,0.6464,427.0
2023-02-12,148,0.1081,0.6501,423.0
2023-02-13,145,0.0966,0.6523,417.0
2023-02-14,143,0.1399,0.6314,388.0
2023-02-15,140,0.1429,0.6382,387.0
2023-02-16,138,0.1304,0.6425,386.0
2023-02-17,141,0.1489,0.6457,398.0
2023-02-18,144,0.1181,0.6409,401.0
2023-02-19,144,0.1528,0.6418,402.0
2023-02-20,141,0.2057,0.6501,403.0
2023-02-21,139,0.1511,0.6593,408.0
2023-02-22,137,0.1241,0.6423,383.0
2023-02-23,136,0.1324,0.6421,380.0
2023-02-24,137,0.1387,0.6317,372.0
2023-02-25,133,0.1053,0.6463,376.0
2023-02-26,134,0.1269,0.6501,383.0
2023-02-27,135,0.1407,0.6484,384.0
2023-02-28,133,0.1504,0.6509,381.0
2023-03-01,127,0.1339,0.664,378.0
2023-03-02,131,0.1527,0.6597,385.0
2023-03-03,129,0.1085,0.6514,370.0
2023-03-04,120,0.0167,0.6571,350.0
2023-03-05,120,0.0333,0.6273,322.0
2023-03-06,124,0.0323,0.6161,323.0
2023-03-07,122,0.0328,0.6554,354.0
2023-03-08,140,0.1286,0.6226,371.0
2023-03-09,142,0.0915,0.6011,356.0
2023-03-10,143,0.1189,0.596,354.0
2023-03-11,150,0.1467,0.5775,355.0
2023-03-12,143,0.1399,0.5914,350.0
2023-03-13,137,0.146,0.6277,368.0
2023-03-14,137,0.1022,0.6086,350.0
2023-03-15,128,0.0859,0.6202,337.0
2023-03-16,141,0.1135,0.6006,353.0
2023-03-17,142,0.1197,0.6213,375.0
2023-03-18,142,0.1197,0.6312,385.0
2023-03-19,147,0.1293,0.6269,394.0
2023-03-20,145,0.1103,0.6253,387.0
2023-03-21,145,0.1241,0.6348,397.0
2023-03-22,145,0.131,0.6384,401.0
2023-03-23,153,0.1634,0.6146,397.0
2023-03-24,151,0.1589,0.6078,385.0
2023-03-25,150,0.1667,0.6144,389.0
2023-03-26,148,0.1757,0.6253,395.0
2023-03-27,151,0.1788,0.6168,394.0
2023-03-28,153,0.2026,0.6165,399.0
2023-03-29,143,0.1818,0.6389,396.0
2023-03-30,141,0.1702,0.6328,384.0
2023-03-31,128,0.1562,0.6596,376.0
2023-04-01,135,0.163,0.6667,405.0
2023-04-02,143,0.1818,0.6398,397.0
2023-04-03,150,0.18,0.6144,389.0
2023-04-04,141,0.2057,0.623,374.0
2023-04-05,139,0.2014,0.6192,365.0
2023-04-06,145,0.2138,0.6184,380.0
2023-04-07,146,0.2123,0.6294,394.0
2023-04-08,147,0.2245,0.6397,408.0
2023-04-09,136,0.1176,0.6837,430.0
2023-04-10,137,0.1022,0.6769,424.0
2023-04-11,128,0.0781,0.7051,434.0
2023-04-12,147,0.1088,0.6388,407.0
2023-04-13,137,0.0438,0.6496,391.0
2023-04-14,137,0.0219,0.6173,358.0
2023-04-15,143,0.007,0.5972,355.0
2023-04-16,153,0.0327,0.6036,386.0
2023-04-17,153,0.0327,0.5952,378.0
2023-04-18,147,0.0204,0.6182,385.0
2023-04-19,145,0.0345,0.5927,356.0
2023-04-20,136,0.0515,0.6314,369.0
2023-04-21,141,0.0851,0.6289,380.0
2023-04-22,142,0.0845,0.6193,373.0
2023-04-23,148,0.0811,0.6064,376.0
2023-04-24,148,0.0811,0.6085,378.0
2023-04-25,159,0.0629,0.5923,390.0
2023-04-26,161,0.0932,0.5774,381.0
2023-04-27,159,0.1195,0.5849,383.0
2023-04-28,149,0.0805,0.6037,376.0
2023-04-29,145,0.0552,0.6049,367.0
2023-04-30,145,0.0414,0.5961,359.0
2023-05-01,142,0.0634,0.6173,371.0
2023-05-02,158,0.0253,0.5885,384.0
2023-05-03,162,0.0494,0.5909,396.0
2023-05-04,152,0.0263,0.6072,387.0
2023-05-05,165,0.0364,0.5936,406.0
2023-05-06,159,0.044,0.6223,421.0
2023-05-07,169,0.0651,0.5928,415.0
2023-05-08,160,0.0875,0.6154,416.0
2023-05-09,162,0.0926,0.6267,434.0
2023-05-10,161,0.0994,0.6176,421.0
2023-05-11,156,0.109,0.6389,432.0
2023-05-12,143,0.0839,0.6595,420.0
2023-05-13,156,0.0641,0.608,398.0
2023-05-14,143,0.035,0.638,395.0
2023-05-15,136,0.0515,0.6253,363.0
2023-05-16,136,0.0662,0.6373,375.0
2023-05-17,125,0.072,0.6489,356.0
2023-05-18,130,0.0846,0.6328,354.0
2023-05-19,118,0.0847,0.674,362.0
2023-05-20,107,0.0561,0.7116,371.0
2023-05-21,119,0.0756,0.681,373.0
2023-05-22,116,0.0517,0.6787,361.0
2023-05-23,120,0.05,0.6703,364.0
2023-05-24,118,0.0339,0.6685,356.0
2023-05-25,130,0.0615,0.6379,359.0
2023-05-26,126,0.0317,0.6431,353.0
2023-05-27,125,0.04,0.6499,357.0
2023-05-28,127,0.0787,0.6412,354.0
2023-05-29,127,0.0866,0.6351,348.0
2023-05-30,121,0.0661,0.6441,340.0
2023-05-31,126,0.0714,0.6111,324.0
2023-06-01,127,0.0315,0.6254,339.0
2023-06-02,131,0.0229,0.6124,338.0
2023-06-03,136,0.0147,0.5802,324.0
2023-06-04,134,0.0149,0.6182,351.0
2023-06-05,136,0.0221,0.6136,352.0
2023-06-06,134,0.0075,0.6246,357.0
2023-06-07,132,0.0227,0.6207,348.0
2023-06-08,127,0.0157,0.6276,341.0
2023-06-09,126,0.0159,0.6205,332.0
2023-06-10,126,0.0159,0.6316,342.0
2023-06-11,126,0.0238,0.6216,333.0
2023-06-12,127,0.0394,0.614,329.0
2023-06-13,128,0.0469,0.6213,338.0
2023-06-14,130,0.0385,0.6119,335.0
2023-06-15,127,0.0394,0.6243,338.0
2023-06-16,116,0.0259,0.6398,322.0
2023-06-17,121,0.0744,0.6441,340.0
2023-06-18,120,0.075,0.661,354.0
2023-06-19,117,0.0598,0.6589,343.0
2023-06-20,112,0.0446,0.6637,333.0
2023-06-21,112,0.0536,0.6667,336.0
2023-06-22,109,0.0917,0.6572,318.0
2023-06-23,117,0.0855,0.6201,308.0
2023-06-24,114,0.0702,0.6471,323.0
2023-06-25,115,0.0783,0.6598,338.0
2023-06-26,120,0.1,0.6319,326.0
2023-06-27,117,0.0769,0.6518,336.0
2023-06-28,113,0.0619,0.6555,328.0
2023-06-29,110,0.0545,0.6405,306.0
2023-06-30,110,0.0273,0.6429,308.0
2023-07-01,110,0.0364,0.6508,315.0
2023-07-02,97,0.0412,0.6756,299.0
2023-07-03,91,0.044,0.6967,300.0
2023-07-04,97,0.0619,0.6585,284.0
2023-07-05,101,0.099,0.6418,282.0
2023-07-06,109,0.0734,0.6367,300.0
2023-07-07,112,0.0893,0.6399,311.0
2023-07-08,112,0.0804,0.6267,300.0
2023-07-09,106,0.0755,0.6443,298.0
2023-07-10,104,0.0481,0.6568,303.0
2023-07-11,105,0.0667,0.6453,296.0
2023-07-12,114,0.0702,0.6238,303.0
2023-07-13,129,0.1085,0.6228,342.0
2023-07-14,135,0.1111,0.5872,327.0
2023-07-15,125,0.024,0.6235,332.0
2023-07-16,131,0.0534,0.6214,346.0
2023-07-17,129,0.062,0.6335,352.0
2023-07-18,129,0.0543,0.6304,349.0
2023-07-19,126,0.0556,0.6379,348.0
2023-07-20,119,0.0672,0.6676,358.0
2023-07-21,116,0.0517,0.6839,367.0
2023-07-22,114,0.0439,0.696,375.0
2023-07-23,121,0.1157,0.6849,384.0
2023-07-24,126,0.127,0.6736,386.0
2023-07-25,125,0.128,0.6795,390.0
2023-07-26,123,0.1301,0.6694,372.0
2023-07-27,112,0.125,0.6836,354.0
2023-07-28,117,0.1111,0.6768,362.0
2023-07-29,112,0.0625,0.6898,361.0
2023-07-30,110,0.0455,0.6986,365.0
2023-07-31,102,0.0686,0.7135,356.0
2023-08-01,96,0.0312,0.7233,347.0
2023-08-02,99,0.0505,0.7324,370.0
2023-08-03,101,0.0396,0.727,370.0
2023-08-04,101,0.0396,0.7278,371.0
2023-08-05,97,0.0206,0.7275,356.0
2023-08-06,113,0.0442,0.6971,373.0
2023-08-07,105,0.0381,0.7059,357.0
2023-08-08,103,0.0485,0.7057,350.0
2023-08-09,107,0.0561,0.6943,350.0
2023-08-10,99,0.0404,0.7147,347.0
2023-08-11,102,0.0392,0.7069,348.0
2023-08-12,99,0.0606,0.736,375.0
2023-08-13,95,0.0526,0.7397,365.0
2023-08-14,98,0.0408,0.7192,349.0
2023-08-15,104,0.0481,0.7197,371.0
2023-08-16,112,0.0536,0.7076,383.0
2023-08-17,112,0.0446,0.6989,372.0
2023-08-18,110,0.0545,0.7165,388.0
2023-08-19,119,0.0504,0.7062,405.0
2023-08-20,122,0.0492,0.6988,405.0
2023-08-21,135,0.0667,0.6809,423.0
2023-08-22,139,0.0576,0.6667,417.0
2023-08-23,146,0.0616,0.6674,439.0
2023-08-24,139,0.0576,0.6576,406.0
2023-08-25,137,0.0803,0.665,409.0
2023-08-26,139,0.0719,0.6534,401.0
2023-08-27,142,0.0141,0.6359,390.0
2023-08-28,146,0.0137,0.6198,384.0
2023-08-29,157,0.0127,0.6065,399.0
2023-08-30,151,0.0066,0.6148,392.0
2023-08-31,156,0.0064,0.6148,405.0
2023-09-01,155,0.0065,0.621,409.0
2023-09-02,160,0.0063,0.604,404.0
2023-09-03,166,0.006,0.5971,412.0
2023-09-04,151,0.0066,0.6016,379.0
2023-09-05,158,0.0063,0.5896,385.0
2023-09-06,157,0.0064,0.5879,381.0
2023-09-07,160,0.0063,0.564,367.0
2023-09-08,160,0.0063,0.5801,381.0
2023-09-09,161,0.0062,0.5774,381.0
2023-09-10,147,0.0,0.6152,382.0
2023-09-11,121,0.0083,0.6824,381.0
2023-09-12,116,0.0086,0.6804,363.0
2023-09-13,115,0.0087,0.6779,357.0
2023-09-14,119,0.0252,0.65,340.0
2023-09-15,116,0.0086,0.6732,355.0
2023-09-16,123,0.0244,0.6361,338.0
2023-09-17,125,0.024,0.6387,346.0
2023-09-18,125,0.016,0.6387,346.0
2023-09-19,124,0.0242,0.6406,345.0
2023-09-20,120,0.0333,0.6552,348.0
2023-09-21,138,0.0435,0.6145,358.0
2023-09-22,143,0.0699,0.6333,390.0
2023-09-23,137,0.0584,0.6267,367.0
2023-09-24,156,0.0897,0.5873,378.0
2023-09-25,169,0.0888,0.5541,379.0
2023-09-26,151,0.0265,0.5897,368.0
2023-09-27,148,0.0203,0.6,370.0
2023-09-28,132,0.0152,0.625,352.0
2023-09-29,134,0.0075,0.6171,350.0
2023-09-30,147,0.0136,0.5984,366.0
2023-10-01,131,0.0076,0.6361,360.0
2023-10-02,131,0.0305,0.6246,349.0
2023-10-03,147,0.0408,0.6132,380.0
2023-10-04,147,0.0408,0.6038,371.0
2023-10-05,144,0.0417,0.6129,372.0
2023-10-06,162,0.037,0.5846,390.0
2023-10-07,154,0.026,0.6101,395.0
2023-10-08,158,0.0253,0.605,400.0
2023-10-09,158,0.0253,0.6079,403.0
2023-10-10,167,0.0479,0.5897,407.0
2023-10-11,169,0.0533,0.5837,406.0
2023-10-12,171,0.0409,0.5767,404.0
2023-10-13,159,0.0566,0.6169,415.0
2023-10-14,152,0.0789,0.6432,426.0
2023-10-15,150,0.0467,0.6411,418.0
2023-10-16,141,0.0426,0.6519,405.0
2023-10-17,142,0.0352,0.6476,403.0
2023-10-18,143,0.035,0.6398,397.0
2023-10-19,143,0.028,0.6469,405.0
2023-10-20,145,0.0483,0.6234,385.0
2023-10-21,157,0.0446,0.6005,393.0
2023-10-22,155,0.071,0.621,409.0
2023-10-23,157,0.0701,0.6065,399.0
2023-10-24,167,0.0599,0.5976,415.0
2023-10-25,166,0.0422,0.6076,423.0
2023-10-26,161,0.0435,0.6083,411.0
2023-10-27,168,0.0893,0.5902,410.0
2023-10-28,145,0.0621,0.6272,389.0
2023-10-29,144,0.0625,0.6345,394.0
2023-10-30,142,0.0704,0.6396,394.0
2023-10-31,151,0.053,0.629,407.0
2023-11-01,134,0.0597,0.6732,410.0
2023-11-02,156,0.0513,0.609,399.0
2023-11-03,155,0.0581,0.6247,413.0
2023-11-04,154,0.0455,0.6316,418.0
2023-11-05,159,0.0629,0.6345,435.0
2023-11-06,151,0.0662,0.6472,428.0
2023-11-07,153,0.0719,0.6357,420.0
2023-11-08,154,0.0519,0.6289,415.0
2023-11-09,166,0.0602,0.6,415.0
2023-11-10,160,0.025,0.598,398.0
2023-11-11,162,0.037,0.6106,416.0
2023-11-12,154,0.026,0.6101,395.0
2023-11-13,158,0.0316,0.6127,408.0
2023-11-14,168,0.0298,0.5962,416.0
2023-11-15,172,0.0349,0.5875,417.0
2023-11-16,164,0.0305,0.5941,404.0
2023-11-17,159,0.0503,0.6035,401.0
2023-11-18,159,0.0566,0.6205,419.0
2023-11-19,155,0.0516,0.6301,419.0
2023-11-20,148,0.0541,0.6186,388.0
2023-11-21,150,0.06,0.6193,394.0
2023-11-22,140,0.0571,0.6335,382.0
2023-11-23,137,0.0584,0.6451,386.0
2023-11-24,141,0.0638,0.643,395.0
2023-11-25,129,0.093,0.6684,389.0
2023-11-26,143,0.0979,0.6371,394.0
2023-11-27,147,0.1156,0.6231,390.0
2023-11-28,147,0.102,0.6316,399.0
2023-11-29,138,0.1014,0.655,400.0
2023-11-30,140,0.1143,0.6659,419.0
2023-12-01,142,0.0775,0.6414,396.0
2023-12-02,134,0.0746,0.6573,391.0
2023-12-03,131,0.084,0.682,412.0
2023-12-04,129,0.0698,0.6775,400.0
2023-12-05,140,0.1071,0.6491,399.0
2023-12-06,135,0.1037,0.6538,390.0
2023-12-07,131,0.0992,0.6401,364.0
2023-12-08,124,0.1129,0.6575,362.0
2023-12-09,121,0.1157,0.6765,374.0
2023-12-10,126,0.0556,0.6538,364.0
2023-12-11,125,0.056,0.6518,359.0
2023-12-12,117,0.0598,0.6549,339.0
2023-12-13,121,0.0661,0.6242,322.0
2023-12-14,108,0.1204,0.6824,340.0
2023-12-15,108,0.1574,0.7143,378.0
2023-12-16,114,0.2018,0.686,363.0
2023-12-17,116,0.1983,0.6686,350.0
2023-12-18,116,0.1983,0.6676,349.0
2023-12-19,113,0.1593,0.6808,354.0
2023-12-20,103,0.1068,0.7049,349.0
2023-12-21,101,0.099,0.7139,353.0
2023-12-22,101,0.0891,0.6994,336.0
2023-12-23,102,0.0686,0.6946,334.0
2023-12-24,105,0.0667,0.6903,339.0
2023-12-25,107,0.0841,0.6748,329.0
2023-12-26,106,0.0943,0.6873,339.0
2023-12-27,104,0.0577,0.6858,331.0
2023-12-28,104,0.0769,0.673,318.0
2023-12-29,105,0.0571,0.6769,325.0
2023-12-30,111,0.0721,0.6696,336.0
2023-12-31,108,0.0833,0.6727,330.0
2024-01-01,103,0.0777,0.6935,336.0
2024-01-02,105,0.0667,0.6799,328.0
2024-01-03,99,0.0606,0.7062,337.0
2024-01-04,114,0.1316,0.6715,347.0
2024-01-05,112,0.1518,0.6763,346.0
2024-01-06,106,0.1321,0.6807,332.0
2024-01-07,117,0.1368,0.6638,348.0
2024-01-08,117,0.1453,0.6638,348.0
2024-01-09,127,0.1732,0.6402,353.0
2024-01-10,118,0.1271,0.6609,348.0
2024-01-11,116,0.1121,0.6676,349.0
2024-01-12,110,0.0909,0.6519,316.0
2024-01-13,96,0.0833,0.6789,299.0
2024-01-14,96,0.1354,0.7108,332.0
2024-01-15,97,0.1134,0.7069,331.0
2024-01-16,94,0.0745,0.7186,334.0
2024-01-17,100,0.09,0.7199,357.0
2024-01-18,98,0.102,0.7083,336.0
2024-01-19,104,0.1442,0.7095,358.0
2024-01-20,116,0.2069,0.6873,371.0
2024-01-21,115,0.2087,0.6958,378.0
2024-01-22,110,0.1909,0.7082,377.0
2024-01-23,107,0.1589,0.7108,370.0
2024-01-24,108,0.1759,0.6966,356.0
2024-01-25,93,0.1613,0.7373,354.0
2024-01-26,96,0.1562,0.7201,343.0
2024-01-27,91,0.1758,0.7429,354.0
2024-01-28,85,0.1529,0.7612,356.0
2024-01-29,93,0.1613,0.7486,370.0
2024-01-30,94,0.1915,0.7446,368.0
2024-01-31,85,0.1294,0.7522,343.0
2024-02-01,82,0.1463,0.7552,335.0
2024-02-02,74,0.1081,0.7597,308.0
2024-02-03,84,0.119,0.7493,335.0
2024-02-04,85,0.0941,0.7455,334.0
2024-02-05,100,0.1,0.7159,352.0
2024-02-06,105,0.0952,0.7177,372.0
2024-02-07,104,0.1154,0.7103,359.0
2024-02-08,102,0.1078,0.7102,352.0
2024-02-09,105,0.1143,0.6965,346.0
2024-02-10,106,0.1038,0.6963,349.0
2024-02-11,99,0.0707,0.6916,321.0
2024-02-12,98,0.1327,0.67,297.0
2024-02-13,98,0.102,0.6909,317.0
2024-02-14,101,0.1089,0.6699,306.0
2024-02-15,101,0.0693,0.6689,305.0
2024-02-16,99,0.0808,0.7054,336.0
2024-02-17,97,0.0412,0.7043,328.0
2024-02-18,111,0.1171,0.6819,349.0
2024-02-19,118,0.1356,0.6713,359.0
2024-02-20,111,0.1351,0.6984,368.0
2024-02-21,113,0.1239,0.6878,362.0
2024-02-22,104,0.0385,0.6905,336.0
2024-02-23,101,0.0693,0.7029,340.0
2024-02-24,97,0.0722,0.718,344.0
2024-02-25,101,0.0792,0.7081,346.0
2024-02-26,95,0.0632,0.7346,358.0
2024-02-27,95,0.0632,0.727,348.0
2024-02-28,101,0.0891,0.7187,359.0
2024-02-29,101,0.099,0.7064,344.0
2024-03-01,100,0.11,0.6875,320.0
2024-03-02,94,0.0851,0.7169,332.0
2024-03-03,92,0.1304,0.6974,304.0
2024-03-04,101,0.1287,0.6794,315.0
2024-03-05,103,0.1068,0.6497,294.0
2024-03-06,111,0.0631,0.652,319.0
2024-03-07,109,0.055,0.6367,300.0
2024-03-08,114,0.1053,0.6213,301.0
2024-03-09,113,0.1239,0.6295,305.0
2024-03-10,111,0.1171,0.6454,313.0
2024-03-11,115,0.113,0.629,310.0
2024-03-12,112,0.1339,0.6042,283.0
2024-03-13,100,0.06,0.6324,272.0
2024-03-14,100,0.1,0.6711,304.0
2024-03-15,97,0.0722,0.6644,289.0
2024-03-16,95,0.0632,0.6607,280.0
2024-03-17,93,0.086,0.6793,290.0
2024-03-18,94,0.0638,0.6814,295.0
2024-03-19,99,0.0808,0.6678,298.0
2024-03-20,99,0.0707,0.6426,277.0
2024-03-21,95,0.0842,0.652,273.0
2024-03-22,96,0.0938,0.6571,280.0
2024-03-23,93,0.043,0.6464,263.0
2024-03-24,101,0.0495,0.6259,270.0
2024-03-25,98,0.0408,0.6487,279.0
2024-03-26,98,0.0306,0.6621,290.0
2024-03-27,100,0.03,0.6479,284.0
2024-03-28,99,0.0404,0.6452,279.0
2024-03-29,98,0.0408,0.6525,282.0
2024-03-30,103,0.0583,0.6335,281.0
2024-03-31,104,0.0577,0.6522,299.0
2024-04-01,101,0.0792,0.6731,309.0
2024-04-02,114,0.0965,0.6627,338.0
2024-04-03,118,0.0763,0.6435,331.0
2024-04-04,101,0.0693,0.6763,312.0
2024-04-05,97,0.0928,0.6734,297.0
2024-04-06,93,0.086,0.6869,297.0
2024-04-07,98,0.1429,0.7021,329.0
2024-04-08,92,0.1087,0.7229,332.0
2024-04-09,95,0.1474,0.7095,327.0
2024-04-10,98,0.1429,0.6879,314.0
2024-04-11,96,0.125,0.7019,322.0
2024-04-12,104,0.1538,0.675,320.0
2024-04-13,104,0.1635,0.6977,344.0
2024-04-14,95,0.1474,0.727,348.0
2024-04-15,91,0.1099,0.7217,327.0
2024-04-16,94,0.1277,0.7134,328.0
2024-04-17,95,0.1158,0.7139,332.0
2024-04-18,100,0.14,0.697,330.0
2024-04-19,93,0.129,0.6804,291.0
2024-04-20,96,0.1146,0.6779,298.0
2024-04-21,97,0.134,0.6901,313.0
2024-04-22,88,0.0795,0.7124,306.0
2024-04-23,92,0.0978,0.7032,310.0
2024-04-24,90,0.0333,0.6897,290.0
2024-04-25,87,0.023,0.6947,285.0
2024-04-26,94,0.0319,0.6655,281.0
2024-04-27,90,0.0333,0.6864,287.0
2024-04-28,87,0.0345,0.699,289.0
2024-04-29,88,0.0568,0.7086,302.0
2024-04-30,93,0.0753,0.7029,313.0
2024-05-01,103,0.0874,0.6667,309.0
2024-05-02,103,0.1553,0.6612,304.0
2024-05-03,102,0.1078,0.6678,307.0
2024-05-04,97,0.0515,0.682,305.0
2024-05-05,94,0.0532,0.6918,305.0
2024-05-06,93,0.0538,0.6931,303.0
2024-05-07,94,0.0426,0.7117,326.0
2024-05-08,92,0.0326,0.7098,317.0
2024-05-09,95,0.0526,0.6994,316.0
2024-05-10,89,0.0337,0.7175,315.0
2024-05-11,105,0.1048,0.7051,356.0
2024-05-12,135,0.1778,0.6447,380.0
2024-05-13,129,0.1473,0.6614,381.0
2024-05-14,134,0.1866,0.6537,387.0
2024-05-15,117,0.1111,0.6953,384.0
2024-05-16,104,0.1154,0.7292,384.0
2024-05-17,107,0.1215,0.7184,380.0
2024-05-18,116,0.1466,0.701,388.0
2024-05-19,111,0.1441,0.704,375.0
2024-05-20,107,0.1776,0.71,369.0
2024-05-21,111,0.1892,0.7016,372.0
2024-05-22,119,0.1681,0.6827,375.0
2024-05-23,127,0.1654,0.6809,398.0
2024-05-24,140,0.2143,0.6267,375.0
2024-05-25,139,0.2158,0.6445,391.0
2024-05-26,143,0.2168,0.6352,392.0
2024-05-27,144,0.2014,0.6269,386.0
2024-05-28,134,0.1866,0.6436,376.0
2024-05-29,130,0.1923,0.6742,399.0
2024-05-30,117,0.1026,0.6829,369.0
2024-05-31,113,0.0973,0.7003,377.0
2024-06-01,101,0.0396,0.7055,343.0
2024-06-02,104,0.0192,0.6959,342.0
2024-06-03,109,0.0092,0.6804,341.0
2024-06-04,119,0.0084,0.6531,343.0
2024-06-05,118,0.0085,0.6467,334.0
2024-06-06,120,0.0083,0.6375,331.0
2024-06-07,117,0.0171,0.6476,332.0
2024-06-08,120,0.0167,0.645,338.0
2024-06-09,113,0.0177,0.6753,348.0
2024-06-10,120,0.0083,0.6783,373.0
2024-06-11,126,0.0159,0.6684,380.0
2024-06-12,127,0.0079,0.6675,382.0
2024-06-13,122,0.0164,0.6823,384.0
2024-06-14,112,0.0089,0.7005,374.0
2024-06-15,116,0.0259,0.6963,382.0
2024-06-16,116,0.0345,0.6963,382.0
2024-06-17,113,0.0619,0.7042,382.0
2024-06-18,112,0.0714,0.7021,376.0
2024-06-19,112,0.0625,0.6932,365.0
2024-06-20,109,0.0734,0.7005,364.0
2024-06-21,116,0.0776,0.6822,365.0
2024-06-22,113,0.0973,0.7182,401.0
2024-06-23,119,0.1345,0.7025,400.0
2024-06-24,116,0.1552,0.7212,416.0
2024-06-25,120,0.175,0.7087,412.0
2024-06-26,119,0.1513,0.7047,403.0
2024-06-27,116,0.1552,0.7048,393.0
2024-06-28,111,0.1712,0.7319,414.0
2024-06-29,116,0.1897,0.7063,395.0
2024-06-30,114,0.1667,0.7121,396.0
2024-07-01,100,0.11,0.7319,373.0
2024-07-02,96,0.1562,0.7326,359.0
2024-07-03,92,0.1413,0.7473,364.0
2024-07-04,96,0.1354,0.7363,364.0
2024-07-05,88,0.0568,0.7419,341.0
2024-07-06,86,0.0581,0.7522,347.0
2024-07-07,91,0.0879,0.7275,334.0
2024-07-08,89,0.0787,0.7303,330.0
2024-07-09,91,0.0879,0.7275,334.0
2024-07-10,88,0.0568,0.7152,309.0
2024-07-11,82,0.0732,0.7421,318.0
2024-07-12,89,0.1461,0.7101,307.0
2024-07-13,91,0.1648,0.7156,320.0
2024-07-14,96,0.1667,0.6852,305.0
2024-07-15,94,0.1915,0.7016,315.0
2024-07-16,95,0.2211,0.6994,316.0
2024-07-17,92,0.1848,0.6984,305.0
2024-07-18,86,0.1395,0.7095,296.0
2024-07-19,96,0.1458,0.6883,308.0
2024-07-20,95,0.1368,0.6984,315.0
2024-07-21,90,0.1111,0.6949,295.0
2024-07-22,92,0.1413,0.6849,292.0
2024-07-23,85,0.1176,0.7138,297.0
2024-07-24,80,0.0375,0.7452,314.0
2024-07-25,78,0.0641,0.7492,311.0
2024-07-26,81,0.0617,0.7404,312.0
2024-07-27,86,0.093,0.7386,329.0
2024-07-28,86,0.093,0.7448,337.0
2024-07-29,96,0.1875,0.7273,352.0
2024-07-30,96,0.1771,0.7185,341.0
2024-07-31,93,0.1505,0.7273,341.0
2024-08-01,97,0.1031,0.6997,323.0
2024-08-02,105,0.1143,0.6856,334.0
2024-08-03,108,0.1389,0.6975,357.0
2024-08-04,99,0.0909,0.7018,332.0
2024-08-05,113,0.1416,0.6826,356.0
2024-08-06,111,0.1532,0.6882,356.0
2024-08-07,97,0.1237,0.7236,351.0
2024-08-08,100,0.14,0.7283,368.0
2024-08-09,88,0.0909,0.7471,348.0
2024-08-10,98,0.1837,0.7414,379.0
2024-08-11,105,0.1714,0.7207,376.0
2024-08-12,107,0.2056,0.7242,388.0
2024-08-13,109,0.211,0.7198,389.0
2024-08-14,110,0.2273,0.7143,385.0
2024-08-15,111,0.2432,0.7079,380.0
2024-08-16,108,0.1852,0.7216,388.0
2024-08-17,107,0.1402,0.727,392.0
2024-08-18,112,0.1429,0.7255,408.0
2024-08-19,109,0.1284,0.7309,405.0
2024-08-20,106,0.1132,0.7337,398.0
2024-08-21,108,0.0833,0.7209,387.0
2024-08-22,108,0.0926,0.7195,385.0
2024-08-23,121,0.0744,0.7012,405.0
2024-08-24,126,0.0794,0.6927,410.0
2024-08-25,140,0.1429,0.6721,427.0
2024-08-26,146,0.1233,0.6605,430.0
2024-08-27,149,0.1342,0.6559,433.0
2024-08-28,144,0.1319,0.6667,432.0
2024-08-29,137,0.1314,0.6792,427.0
2024-08-30,150,0.1667,0.6528,432.0
2024-08-31,157,0.0892,0.6244,418.0
2024-09-01,167,0.1138,0.6161,435.0
2024-09-02,170,0.1118,0.6171,444.0
2024-09-03,175,0.08,0.6032,441.0
2024-09-04,157,0.0255,0.5847,378.0
2024-09-05,162,0.0062,0.568,375.0
2024-09-06,178,0.0,0.5189,370.0
2024-09-07,171,0.0058,0.5638,392.0
2024-09-08,166,0.006,0.586,401.0
2024-09-09,186,0.0215,0.5474,411.0
2024-09-10,183,0.0164,0.5643,420.0
2024-09-11,180,0.0278,0.5673,416.0
2024-09-12,187,0.0267,0.5631,428.0
2024-09-13,199,0.0251,0.5296,423.0
2024-09-14,201,0.0199,0.5157,415.0
2024-09-15,201,0.0398,0.5293,427.0
2024-09-16,202,0.0347,0.5258,426.0
2024-09-17,207,0.0483,0.5252,436.0
2024-09-18,201,0.0448,0.539,436.0
2024-09-19,212,0.0236,0.5093,432.0
2024-09-20,207,0.029,0.5164,428.0
2024-09-21,205,0.0244,0.5351,441.0
2024-09-22,205,0.0293,0.5414,447.0
2024-09-23,209,0.0287,0.5303,445.0
2024-09-24,219,0.0228,0.526,462.0
2024-09-25,209,0.0096,0.5466,461.0
2024-09-26,221,0.0181,0.5206,461.0
2024-09-27,212,0.0236,0.5441,465.0
2024-09-28,214,0.028,0.5504,476.0
2024-09-29,222,0.0315,0.5404,483.0
2024-09-30,207,0.0193,0.5567,467.0
2024-10-01,188,0.0319,0.6017,472.0
2024-10-02,186,0.0269,0.5974,462.0
2024-10-03,172,0.0291,0.5962,426.0
2024-10-04,153,0.0261,0.5552,344.0
2024-10-05,156,0.0321,0.5425,341.0
2024-10-06,158,0.0506,0.546,348.0
2024-10-07,154,0.0195,0.5575,348.0
2024-10-08,148,0.0338,0.5819,354.0
2024-10-09,155,0.0258,0.5609,353.0
2024-10-10,160,0.0625,0.5493,355.0
2024-10-11,156,0.0577,0.5606,355.0
2024-10-12,154,0.0584,0.5969,382.0
2024-10-13,158,0.0759,0.5875,383.0
2024-10-14,156,0.0833,0.5806,372.0
2024-10-15,152,0.0789,0.5947,375.0
2024-10-16,155,0.0968,0.5833,372.0
2024-10-17,153,0.0915,0.5963,379.0
2024-10-18,146,0.0822,0.6188,383.0
2024-10-19,135,0.2,0.6786,420.0
2024-10-20,142,0.2042,0.6562,413.0
2024-10-21,141,0.2199,0.6635,419.0
2024-10-22,134,0.1866,0.6716,408.0
2024-10-23,137,0.1168,0.6558,398.0
2024-10-24,138,0.1449,0.6576,403.0
2024-10-25,123,0.1545,0.7015,412.0
2024-10-26,133,0.1729,0.6856,423.0
2024-10-27,134,0.194,0.6825,422.0
2024-10-28,133,0.203,0.6848,422.0
2024-10-29,135,0.2074,0.6778,419.0
2024-10-30,130,0.1846,0.6822,409.0
2024-10-31,138,0.087,0.6188,362.0
2024-11-01,135,0.0667,0.6271,362.0
2024-11-02,123,0.0325,0.6273,330.0
2024-11-03,127,0.0315,0.6361,349.0
2024-11-04,129,0.031,0.6304,349.0
2024-11-05,117,0.0256,0.6528,337.0
2024-11-06,115,0.0348,0.6637,342.0
2024-11-07,122,0.0492,0.6904,394.0
2024-11-08,129,0.062,0.6569,376.0
2024-11-09,128,0.0547,0.6768,396.0
2024-11-10,131,0.0763,0.6692,396.0
2024-11-11,128,0.0781,0.664,381.0
2024-11-12,128,0.0625,0.6454,361.0
2024-11-13,129,0.062,0.6346,353.0
2024-11-14,123,0.065,0.6555,357.0
2024-11-15,119,0.0504,0.6667,357.0
2024-11-16,123,0.065,0.6525,354.0
2024-11-17,121,0.0744,0.6572,353.0
2024-11-18,115,0.113,0.6823,362.0
2024-11-19,107,0.1028,0.7036,361.0
2024-11-20,107,0.0654,0.7036,361.0
2024-11-21,104,0.0577,0.6959,342.0
2024-11-22,104,0.0385,0.6968,343.0
2024-11-23,113,0.0619,0.6781,351.0
2024-11-24,108,0.0556,0.6975,357.0
2024-11-25,103,0.0777,0.7082,353.0
2024-11-26,98,0.051,0.7232,354.0
2024-11-27,93,0.043,0.7289,343.0
2024-11-28,92,0.0543,0.7187,327.0
2024-11-29,96,0.0625,0.7176,340.0
2024-11-30,94,0.0532,0.7152,330.0
2024-12-01,98,0.102,0.7118,340.0
2024-12-02,106,0.0943,0.6882,340.0
2024-12-03,112,0.1429,0.6744,344.0
2024-12-04,109,0.156,0.6921,354.0
2024-12-05,108,0.1481,0.6905,349.0
2024-12-06,108,0.1296,0.6697,327.0
2024-12-07,117,0.188,0.6945,383.0
2024-12-08,123,0.252,0.6878,394.0
2024-12-09,120,0.225,0.6923,390.0
2024-12-10,121,0.2479,0.6824,381.0
2024-12-11,111,0.1802,0.6959,365.0
2024-12-12,99,0.1313,0.7139,346.0
2024-12-13,96,0.0938,0.7201,343.0
2024-12-14,96,0.125,0.7273,352.0
2024-12-15,98,0.1531,0.7308,364.0
2024-12-16,92,0.1522,0.743,358.0
2024-12-17,94,0.1489,0.736,356.0
2024-12-18,107,0.0841,0.6871,342.0
2024-12-19,128,0.1875,0.6074,326.0
2024-12-20,120,0.1833,0.645,338.0
2024-12-21,121,0.1983,0.6431,339.0
2024-12-22,128,0.2188,0.6384,354.0
2024-12-23,133,0.2256,0.6232,353.0
2024-12-24,133,0.1955,0.6211,351.0
2024-12-25,120,0.15,0.661,354.0
2024-12-26,119,0.1345,0.6648,355.0
2024-12-27,124,0.1774,0.6406,345.0
2024-12-28,118,0.1356,0.6609,348.0
2024-12-29,115,0.113,0.6814,361.0
2024-12-30,113,0.115,0.6844,358.0
2024-12-31,114,0.1053,0.6807,357.0
2025-01-01,117,0.1368,0.6759,361.0
2025-01-02,114,0.1842,0.6798,356.0
2025-01-03,114,0.1404,0.6761,352.0
2025-01-04,115,0.1565,0.6761,355.0
2025-01-05,103,0.1068,0.6988,342.0
2025-01-06,105,0.0857,0.6769,325.0
2025-01-07,103,0.0971,0.7163,363.0
2025-01-08,101,0.1089,0.724,366.0
2025-01-09,98,0.1224,0.7184,348.0
2025-01-10,96,0.0938,0.7303,356.0
2025-01-11,95,0.0947,0.7309,353.0
2025-01-12,98,0.0918,0.7232,354.0
2025-01-13,98,0.102,0.7168,346.0
2025-01-14,105,0.0952,0.7051,356.0
2025-01-15,109,0.1193,0.7205,390.0
2025-01-16,105,0.1238,0.7193,374.0
2025-01-17,125,0.048,0.6469,354.0
2025-01-18,123,0.0244,0.6476,349.0
2025-01-19,128,0.0469,0.6213,338.0
2025-01-20,128,0.0312,0.629,345.0
2025-01-21,132,0.0076,0.6489,376.0
2025-01-22,131,0.0076,0.6381,362.0
2025-01-23,132,0.0076,0.6364,363.0
2025-01-24,137,0.0,0.6205,361.0
2025-01-25,142,0.0,0.6141,368.0
2025-01-26,146,0.0137,0.6043,369.0
2025-01-27,129,0.0155,0.6632,383.0
2025-01-28,130,0.0077,0.6597,382.0
2025-01-29,128,0.0078,0.6559,372.0
2025-01-30,128,0.0078,0.6435,359.0
2025-01-31,137,0.0073,0.6152,356.0
2025-02-01,133,0.015,0.6285,358.0
2025-02-02,130,0.0154,0.6379,359.0
2025-02-03,131,0.0153,0.6371,361.0
2025-02-04,126,0.0476,0.6567,367.0
2025-02-05,123,0.0081,0.6729,376.0
2025-02-06,123,0.0244,0.6886,395.0
2025-02-07,133,0.0226,0.6667,399.0
2025-02-08,132,0.0303,0.6589,387.0
2025-02-09,136,0.0074,0.6617,402.0
2025-02-10,132,0.0227,0.6641,393.0
2025-02-11,132,0.0227,0.6658,395.0
2025-02-12,117,0.0427,0.6921,380.0
2025-02-13,116,0.0345,0.6923,377.0
2025-02-14,108,0.0926,0.7435,421.0
2025-02-15,101,0.0891,0.7601,421.0
2025-02-16,107,0.0935,0.739,410.0
2025-02-17,99,0.0707,0.7462,390.0
2025-02-18,104,0.0769,0.7256,379.0
2025-02-19,106,0.0943,0.7151,372.0
2025-02-20,117,0.1026,0.6897,377.0
2025-02-21,108,0.0648,0.7105,373.0
2025-02-22,110,0.0727,0.7051,373.0
2025-02-23,110,0.0909,0.7043,372.0
2025-02-24,108,0.0926,0.7057,367.0
2025-02-25,105,0.1048,0.7222,378.0
2025-02-26,113,0.0796,0.7011,378.0
2025-02-27,112,0.0893,0.7037,378.0
2025-02-28,109,0.0826,0.7005,364.0
2025-03-01,112,0.0804,0.6906,362.0
2025-03-02,109,0.0734,0.6981,361.0
2025-03-03,100,0.07,0.7101,345.0
2025-03-04,101,0.0891,0.7123,351.0
2025-03-05,123,0.0569,0.6729,376.0
2025-03-06,116,0.0603,0.6915,376.0
2025-03-07,124,0.0806,0.6892,399.0
2025-03-08,133,0.1203,0.6841,421.0
2025-03-09,143,0.1608,0.6512,410.0
2025-03-10,143,0.1888,0.6587,419.0
2025-03-11,142,0.1549,0.6595,417.0
2025-03-12,120,0.0833,0.708,411.0
2025-03-13,127,0.0945,0.6932,414.0
2025-03-14,128,0.0547,0.6675,385.0
2025-03-15,140,0.0929,0.6482,398.0
2025-03-16,131,0.1145,0.6843,415.0
2025-03-17,135,0.1037,0.6763,417.0
2025-03-18,131,0.1298,0.6968,432.0
2025-03-19,128,0.1172,0.7016,429.0
2025-03-20,121,0.124,0.707,413.0
2025-03-21,125,0.12,0.6988,415.0
2025-03-22,128,0.1719,0.6938,418.0
2025-03-23,127,0.1024,0.6864,405.0
2025-03-24,129,0.1008,0.6846,409.0
2025-03-25,125,0.096,0.6929,407.0
2025-03-26,120,0.0917,0.6962,395.0
2025-03-27,120,0.0833,0.7007,401.0
2025-03-28,129,0.0853,0.6936,421.0
2025-03-29,130,0.1,0.7018,436.0
2025-03-30,121,0.0579,0.7105,418.0
2025-03-31,116,0.0172,0.7225,418.0
2025-04-01,117,0.0256,0.7188,416.0
2025-04-02,118,0.0339,0.7013,395.0
2025-04-03,133,0.0526,0.697,439.0
2025-04-04,176,0.1193,0.6823,554.0
2025-04-05,179,0.1453,0.674,549.0
2025-04-06,190,0.1789,0.6533,548.0
2025-04-07,184,0.1576,0.6567,536.0
2025-04-08,183,0.1639,0.644,514.0
2025-04-09,181,0.1215,0.6157,471.0
2025-04-10,174,0.1207,0.636,478.0
2025-04-11,173,0.1214,0.6189,454.0
2025-04-12,186,0.1237,0.5894,453.0
2025-04-13,179,0.095,0.6022,450.0
2025-04-14,189,0.1005,0.5891,460.0
2025-04-15,198,0.1162,0.5769,468.0
2025-04-16,197,0.0914,0.5727,461.0
2025-04-17,199,0.0905,0.5655,458.0
2025-04-18,197,0.0863,0.5736,462.0
2025-04-19,191,0.0838,0.5811,456.0
2025-04-20,191,0.0733,0.5884,464.0
2025-04-21,192,0.0677,0.5826,460.0
2025-04-22,190,0.1,0.5778,450.0
2025-04-23,198,0.101,0.553,443.0
2025-04-24,196,0.0918,0.5515,437.0
2025-04-25,188,0.0798,0.5718,439.0
2025-04-26,190,0.1053,0.5692,441.0
2025-04-27,198,0.1061,0.558,448.0
2025-04-28,207,0.0918,0.54,450.0
2025-04-29,203,0.1182,0.5376,439.0
2025-04-30,202,0.1089,0.5324,432.0
2025-05-01,199,0.0955,0.5436,436.0
2025-05-02,191,0.0785,0.5765,451.0
2025-05-03,222,0.1036,0.546,489.0
2025-05-04,292,0.3836,0.5141,601.0
2025-05-05,291,0.3986,0.5117,596.0
2025-05-06,282,0.3972,0.5261,595.0
2025-05-07,275,0.3455,0.5355,592.0
2025-05-08,256,0.2656,0.5563,577.0
2025-05-09,220,0.1409,0.5339,472.0
2025-05-10,187,0.1979,0.6152,486.0
2025-05-11,173,0.104,0.6104,444.0
2025-05-12,160,0.0938,0.6288,431.0
2025-05-13,161,0.087,0.6333,439.0
2025-05-14,166,0.1627,0.6261,444.0
2025-05-15,152,0.1513,0.66,447.0
2025-05-16,150,0.1133,0.6703,455.0
2025-05-17,154,0.1234,0.66,453.0
2025-05-18,156,0.1282,0.6579,456.0
2025-05-19,160,0.15,0.6491,456.0
2025-05-20,159,0.1384,0.6467,450.0
2025-05-21,146,0.1096,0.6798,456.0
2025-05-22,143,0.1259,0.7033,482.0
2025-05-23,137,0.1168,0.6942,448.0
2025-05-24,138,0.1232,0.6947,452.0
2025-05-25,146,0.1507,0.6847,463.0
2025-05-26,141,0.1348,0.6881,452.0
2025-05-27,140,0.1571,0.6875,448.0
2025-05-28,137,0.1533,0.6928,446.0
2025-05-29,141,0.1418,0.6751,434.0
2025-05-30,143,0.1678,0.672,436.0
2025-05-31,148,0.1892,0.6704,449.0
2025-06-01,146,0.1781,0.6748,449.0
2025-06-02,142,0.1761,0.6809,445.0
2025-06-03,167,0.3234,0.6585,489.0
2025-06-04,150,0.28,0.6802,469.0
2025-06-05,154,0.2727,0.6723,470.0
2025-06-06,177,0.2825,0.6373,488.0
2025-06-07,164,0.2317,0.6576,479.0
2025-06-08,148,0.1081,0.6399,411.0
2025-06-09,158,0.0949,0.573,370.0
2025-06-10,137,0.0438,0.613,354.0
2025-06-11,124,0.0484,0.622,328.0
2025-06-12,123,0.0407,0.6328,335.0
2025-06-13,137,0.073,0.6162,357.0
2025-06-14,146,0.0753,0.5967,362.0
2025-06-15,145,0.0828,0.6133,375.0
2025-06-16,156,0.0833,0.5916,382.0
2025-06-17,164,0.0915,0.565,377.0
2025-06-18,159,0.1006,0.5656,366.0
2025-06-19,156,0.0833,0.5655,359.0
2025-06-20,153,0.0719,0.5762,361.0
2025-06-21,154,0.0519,0.6179,403.0
2025-06-22,147,0.068,0.607,374.0
2025-06-23,152,0.0921,0.6,380.0
2025-06-24,152,0.0855,0.6247,405.0
2025-06-25,153,0.0588,0.6087,391.0
2025-06-26,145,0.0483,0.6133,375.0
2025-06-27,143,0.0629,0.6176,374.0
2025-06-28,141,0.0496,0.621,372.0
2025-06-29,138,0.0797,0.624,367.0
2025-06-30,138,0.0725,0.63,373.0
2025-07-01,137,0.1241,0.6414,382.0
2025-07-02,132,0.0682,0.6432,370.0
2025-07-03,129,0.062,0.6523,371.0
2025-07-04,117,0.0427,0.6686,353.0
2025-07-05,124,0.0806,0.663,368.0
2025-07-06,130,0.1308,0.6429,364.0
2025-07-07,128,0.1406,0.6484,364.0
2025-07-08,123,0.0894,0.6535,355.0
2025-07-09,123,0.0894,0.6516,353.0
2025-07-10,121,0.0909,0.6513,347.0
2025-07-11,110,0.0182,0.6848,349.0
2025-07-12,115,0.0261,0.6695,348.0
2025-07-13,121,0.0331,0.6582,354.0
2025-07-14,121,0.0331,0.6667,363.0
2025-07-15,121,0.0331,0.6582,354.0
2025-07-16,125,0.04,0.6489,356.0
2025-07-17,120,0.0417,0.6783,373.0
2025-07-18,129,0.0698,0.6466,365.0
2025-07-19,123,0.0569,0.663,365.0
2025-07-20,132,0.0606,0.6374,364.0
2025-07-21,130,0.0615,0.6561,378.0
2025-07-22,125,0.048,0.6658,374.0
2025-07-23,121,0.0992,0.6782,376.0
2025-07-24,128,0.125,0.6301,346.0
2025-07-25,135,0.1259,0.611,347.0
2025-07-26,134,0.1045,0.6012,336.0
2025-07-27,130,0.0923,0.6264,348.0
2025-07-28,128,0.0703,0.6343,350.0
2025-07-29,113,0.0619,0.6771,350.0
2025-07-30,117,0.0598,0.6486,333.0
2025-07-31,112,0.1161,0.6965,369.0
2025-08-01,132,0.1212,0.6423,369.0
2025-08-02,126,0.0794,0.6595,370.0
2025-08-03,123,0.065,0.6746,378.0
2025-08-04,139,0.1295,0.6775,431.0
2025-08-05,124,0.1048,0.7096,427.0
2025-08-06,122,0.0984,0.715,428.0
2025-08-07,124,0.1129,0.7089,426.0
2025-08-08,127,0.1496,0.7033,428.0
2025-08-09,125,0.16,0.7045,423.0
2025-08-10,130,0.1846,0.7079,445.0
2025-08-11,125,0.16,0.7289,461.0
2025-08-12,130,0.0846,0.7092,447.0
2025-08-13,122,0.082,0.7307,453.0
2025-08-14,118,0.0763,0.7281,434.0
2025-08-15,120,0.0917,0.7136,419.0
2025-08-16,122,0.0984,0.7129,425.0
2025-08-17,128,0.1484,0.7091,440.0
2025-08-18,120,0.125,0.7209,430.0
2025-08-19,128,0.125,0.7009,428.0
2025-08-20,122,0.123,0.7116,423.0
2025-08-21,120,0.1167,0.7143,420.0
2025-08-22,98,0.051,0.7358,371.0
2025-08-23,104,0.0577,0.7095,358.0
2025-08-24,105,0.0476,0.7099,362.0
2025-08-25,115,0.0783,0.6526,331.0
2025-08-26,113,0.0885,0.6586,331.0
2025-08-27,112,0.0982,0.6585,328.0
2025-08-28,110,0.0364,0.6857,350.0
2025-08-29,108,0.0556,0.6766,334.0
2025-08-30,112,0.0536,0.6809,351.0
2025-08-31,117,0.0513,0.6667,351.0
2025-09-01,112,0.0625,0.6809,351.0
2025-09-02,117,0.0769,0.6741,359.0
2025-09-03,148,0.2703,0.6518,425.0
2025-09-04,132,0.2197,0.6887,424.0
2025-09-05,132,0.2121,0.6819,415.0
2025-09-06,136,0.25,0.6902,439.0
2025-09-07,147,0.3061,0.6621,435.0
2025-09-08,147,0.3129,0.6628,436.0
2025-09-09,139,0.2878,0.6911,450.0
2025-09-10,140,0.3071,0.6889,450.0
2025-09-11,140,0.2786,0.6943,458.0
2025-09-12,142,0.2746,0.6933,463.0
2025-09-13,142,0.2394,0.6879,455.0
2025-09-14,156,0.3013,0.6601,459.0
2025-09-15,157,0.3121,0.6527,452.0
2025-09-16,159,0.3145,0.6459,449.0
2025-09-17,152,0.2763,0.6577,444.0
2025-09-18,172,0.343,0.5943,424.0
2025-09-19,175,0.3657,0.5892,426.0
2025-09-20,174,0.3793,0.5877,422.0
2025-09-21,125,0.24,0.664,372.0
2025-09-22,122,0.2787,0.6839,386.0
2025-09-23,120,0.25,0.6875,384.0
2025-09-24,105,0.2,0.7017,352.0
2025-09-25,107,0.1682,0.6934,349.0
2025-09-26,109,0.1743,0.6813,342.0
2025-09-27,121,0.1818,0.6639,360.0
2025-09-28,117,0.1795,0.6704,355.0
2025-09-29,111,0.1261,0.6726,339.0
2025-09-30,90,0.1111,0.7313,335.0
2025-10-01,89,0.1124,0.7359,337.0
2025-10-02,87,0.069,0.738,332.0
2025-10-03,88,0.125,0.7589,365.0
2025-10-04,92,0.1522,0.7479,365.0
2025-10-05,91,0.1429,0.7618,382.0
2025-10-06,103,0.1748,0.7345,388.0
2025-10-07,97,0.0928,0.7487,386.0
2025-10-08,102,0.1078,0.7351,385.0
2025-10-09,102,0.1176,0.7287,376.0
2025-10-10,145,0.2207,0.6234,385.0
2025-10-11,157,0.2994,0.5954,388.0
2025-10-12,147,0.2109,0.6316,399.0
2025-10-13,152,0.2039,0.6407,423.0
2025-10-14,154,0.2013,0.6508,441.0
2025-10-15,151,0.1921,0.6472,428.0
2025-10-16,143,0.2098,0.6571,417.0
2025-10-17,144,0.1944,0.658,421.0
2025-10-18,140,0.2071,0.6782,435.0
2025-10-19,154,0.2403,0.6516,442.0
2025-10-20,149,0.2416,0.6637,443.0
2025-10-21,130,0.2769,0.6882,417.0
2025-10-22,122,0.2787,0.7039,412.0
2025-10-23,119,0.2605,0.7187,423.0
2025-10-24,119,0.2857,0.709,409.0
2025-10-25,133,0.2556,0.678,413.0
2025-10-26,138,0.2754,0.673,422.0
2025-10-27,135,0.2667,0.6786,420.0
2025-10-28,138,0.2536,0.6659,413.0
2025-10-29,122,0.2541,0.7017,409.0
2025-10-30,116,0.2155,0.6971,383.0
2025-10-31,115,0.2174,0.7013,385.0
2025-11-01,113,0.2124,0.7057,384.0
2025-11-02,107,0.1869,0.7249,389.0
2025-11-03,109,0.2018,0.7254,397.0
2025-11-04,114,0.2193,0.726,416.0
2025-11-05,115,0.2087,0.7249,418.0
2025-11-06,111,0.1892,0.7286,409.0
2025-11-07,115,0.1739,0.7268,421.0
2025-11-08,114,0.1842,0.7343,429.0
2025-11-09,129,0.0775,0.6709,392.0
2025-11-10,139,0.0791,0.6481,395.0
2025-11-11,142,0.0704,0.6387,393.0
2025-11-12,147,0.0544,0.6334,401.0
2025-11-13,146,0.0616,0.6256,390.0
2025-11-14,147,0.0544,0.6142,381.0
2025-11-15,145,0.0621,0.6184,380.0
2025-11-16,158,0.0696,0.5787,375.0
2025-11-17,149,0.0738,0.6048,377.0
2025-11-18,151,0.053,0.6118,389.0
2025-11-19,141,0.0567,0.6289,380.0
2025-11-20,151,0.0331,0.5963,374.0
2025-11-21,154,0.039,0.5792,366.0
2025-11-22,148,0.0405,0.6115,381.0
2025-11-23,147,0.0272,0.6231,390.0
2025-11-24,144,0.0278,0.6427,403.0
2025-11-25,150,0.06,0.6462,424.0
2025-11-26,152,0.0592,0.6473,431.0
2025-11-27,151,0.0397,0.6413,421.0
2025-11-28,151,0.0397,0.6497,431.0
2025-11-29,149,0.0336,0.6303,403.0
2025-11-30,148,0.027,0.6408,412.0
2025-12-01,152,0.0461,0.6209,401.0
2025-12-02,148,0.0405,0.63,400.0
2025-12-03,142,0.0493,0.6414,396.0
2025-12-04,141,0.0496,0.651,404.0
2025-12-05,151,0.0861,0.6016,379.0
2025-12-06,161,0.118,0.584,387.0
2025-12-07,159,0.1132,0.6074,405.0
2025-12-08,163,0.1288,0.5965,404.0
2025-12-09,127,0.0945,0.6371,350.0
2025-12-10,124,0.0968,0.6427,347.0
2025-12-11,140,0.1143,0.6111,360.0
2025-12-12,134,0.097,0.6093,343.0
2025-12-13,128,0.0469,0.6133,331.0
2025-12-14,121,0.0579,0.6553,351.0
2025-12-15,120,0.0583,0.6601,353.0
2025-12-16,122,0.0328,0.6474,346.0
2025-12-17,117,0.0342,0.6486,333.0
2025-12-18,118,0.0424,0.6369,325.0
2025-12-19,111,0.036,0.6454,313.0
2025-12-20,121,0.0661,0.6219,320.0
2025-12-21,123,0.0488,0.6273,330.0
2025-12-22,110,0.0364,0.6562,320.0
2025-12-23,109,0.0275,0.6572,318.0
2025-12-24,105,0.0381,0.6698,318.0
2025-12-25,109,0.0734,0.6615,322.0
2025-12-26,104,0.0673,0.6886,334.0
2025-12-27,109,0.0734,0.6766,337.0
2025-12-28,112,0.0893,0.6735,343.0
2025-12-29,116,0.069,0.6398,322.0
2025-12-30,116,0.0862,0.6474,329.0
2025-12-31,119,0.0588,0.6149,309.0
2026-01-01,118,0.0593,0.6106,303.0
2026-01-02,112,0.0268,0.6304,303.0
2026-01-03,111,0.045,0.6487,316.0
2026-01-04,101,0.0891,0.6824,318.0
2026-01-05,111,0.0631,0.6667,333.0
2026-01-06,116,0.0517,0.6537,335.0
2026-01-07,113,0.0531,0.6686,341.0
2026-01-08,113,0.0442,0.6596,332.0
2026-01-09,111,0.0541,0.6667,333.0
2026-01-10,116,0.0776,0.6787,361.0
2026-01-11,116,0.069,0.6676,349.0
2026-01-12,110,0.0818,0.6774,341.0
2026-01-13,105,0.0667,0.6912,340.0
2026-01-14,105,0.0762,0.6818,330.0
2026-01-15,98,0.0816,0.6859,312.0
2026-01-16,96,0.0625,0.7082,329.0
2026-01-17,91,0.0659,0.7174,322.0
2026-01-18,92,0.0326,0.7134,321.0
2026-01-19,92,0.0326,0.7143,322.0
2026-01-20,129,0.0078,0.6031,325.0
2026-01-21,125,0.024,0.6019,314.0
2026-01-22,129,0.0155,0.5812,308.0
2026-01-23,127,0.0394,0.5916,311.0
2026-01-24,124,0.0323,0.6038,313.0
2026-01-25,124,0.0403,0.5921,304.0
2026-01-26,125,0.032,0.5861,302.0
2026-01-27,121,0.0331,0.594,298.0
2026-01-28,122,0.0246,0.5864,295.0
2026-01-29,107,0.028,0.6336,292.0
2026-01-30,106,0.0472,0.6173,277.0
2026-01-31,102,0.049,0.6264,273.0
2026-02-01,98,0.0306,0.6549,284.0
2026-02-02,107,0.0748,0.6603,315.0
2026-02-03,103,0.068,0.6699,312.0
2026-02-04,103,0.0583,0.6448,290.0
2026-02-05,100,0.06,0.6587,293.0
2026-02-06,109,0.156,0.654,315.0
2026-02-07,110,0.1364,0.6626,326.0
2026-02-08,111,0.1261,0.6606,327.0
2026-02-09,110,0.1182,0.6605,324.0
2026-02-10,102,0.0882,0.6782,317.0
2026-02-11,102,0.098,0.6752,314.0
2026-02-12,94,0.0532,0.6908,304.0
2026-02-13,94,0.0851,0.6938,307.0
2026-02-14,91,0.0769,0.6967,300.0
2026-02-15,97,0.134,0.6959,319.0
2026-02-16,99,0.1616,0.6877,317.0
2026-02-17,93,0.1613,0.7112,322.0
2026-02-18,91,0.1429,0.7183,323.0
2026-02-19,113,0.1327,0.6331,308.0
2026-02-20,114,0.1053,0.646,322.0
2026-02-21,116,0.1466,0.6506,332.0
2026-02-22,117,0.1197,0.6497,334.0
2026-02-23,124,0.1371,0.6231,329.0
2026-02-24,121,0.124,0.6366,333.0
2026-02-25,129,0.1395,0.6103,331.0
2026-02-26,129,0.155,0.5981,321.0
2026-02-27,125,0.168,0.6313,339.0
2026-02-28,127,0.1417,0.6287,342.0
2026-03-01,128,0.1562,0.6179,335.0
2026-03-02,120,0.175,0.6386,332.0
2026-03-03,126,0.1984,0.6228,334.0
2026-03-04,116,0.1293,0.6898,374.0
2026-03-05,115,0.0783,0.6974,380.0
2026-03-06,107,0.0748,0.6952,351.0
2026-03-07,114,0.0614,0.6911,369.0
2026-03-08,131,0.0763,0.6497,374.0
2026-03-09,132,0.0758,0.6517,379.0
2026-03-10,140,0.1571,0.6196,368.0
2026-03-11,136,0.125,0.6212,359.0
2026-03-12,135,0.1481,0.597,335.0
2026-03-13,134,0.1194,0.616,349.0
2026-03-14,132,0.1364,0.6292,356.0
2026-03-15,142,0.1479,0.6088,363.0
2026-03-16,140,0.1214,0.6296,378.0
2026-03-17,142,0.1338,0.6253,379.0
2026-03-18,143,0.1119,0.6266,383.0
2026-03-19,147,0.1429,0.6269,394.0
2026-03-20,146,0.089,0.6465,413.0
2026-03-21,133,0.1278,0.6803,416.0
2026-03-22,133,0.1053,0.6914,431.0
2026-03-23,136,0.1324,0.7056,462.0
2026-03-24,134,0.1343,0.7042,453.0
2026-03-25,144,0.1597,0.672,439.0
2026-03-26,148,0.1824,0.6613,437.0
2026-03-27,155,0.1806,0.6493,442.0
2026-03-28,152,0.1579,0.6569,443.0
2026-03-29,159,0.1698,0.6566,463.0
2026-03-30,179,0.1732,0.6134,463.0
2026-03-31,187,0.1818,0.603,471.0
2026-04-01,182,0.1538,0.6301,492.0
2026-04-02,196,0.1327,0.5739,460.0
2026-04-03,201,0.1294,0.5659,463.0
2026-04-04,207,0.0966,0.586,500.0
2026-04-05,212,0.0896,0.5537,475.0
2026-04-06,220,0.0955,0.5538,493.0
2026-04-07,219,0.105,0.5399,476.0
2026-04-08,222,0.0631,0.5803,529.0
2026-04-09,234,0.0641,0.5273,495.0
2026-04-10,221,0.0588,0.5562,498.0
2026-04-11,222,0.0495,0.5394,482.0
2026-04-12,228,0.0351,0.5289,484.0
2026-04-13,239,0.0167,0.4804,460.0
2026-04-14,253,0.0316,0.4617,470.0
2026-04-15,255,0.0157,0.4665,478.0
2026-04-16,253,0.0119,0.464,472.0
2026-04-17,253,0.0198,0.4762,483.0
2026-04-18,255,0.0118,0.4632,475.0
2026-04-19,270,0.0519,0.4767,516.0
2026-04-20,277,0.065,0.4673,520.0
2026-04-21,268,0.0448,0.4693,505.0
2026-04-22,284,0.0739,0.4601,526.0
2026-04-23,286,0.1049,0.45,520.0
2026-04-24,276,0.0616,0.4723,523.0
2026-04-25,260,0.0269,0.4862,506.0
2026-04-26,248,0.0161,0.507,503.0
2026-04-27,241,0.0166,0.5293,512.0
2026-04-28,252,0.0079,0.5116,516.0
2026-04-29,258,0.0155,0.5159,533.0
2026-04-30,248,0.0403,0.5424,542.0
2026-05-01,241,0.0332,0.5487,534.0
2026-05-02,240,0.05,0.5455,528.0
2026-05-03,247,0.0364,0.5331,529.0
2026-05-04,262,0.0344,0.5157,541.0
2026-05-05,248,0.0363,0.5303,528.0
2026-05-06,260,0.0462,0.5113,532.0
2026-05-07,254,0.063,0.5162,525.0
2026-05-08,242,0.0289,0.5382,524.0
2026-05-09,243,0.0288,0.515,501.0
2026-05-10,243,0.0247,0.5254,512.0
2026-05-11,238,0.021,0.5324,509.0
2026-05-12,239,0.0293,0.5277,506.0
2026-05-13,233,0.0215,0.5053,471.0
2026-05-14,238,0.0672,0.5287,505.0
2026-05-15,245,0.0571,0.501,491.0
2026-05-16,245,0.0612,0.4959,486.0
2026-05-17,253,0.0791,0.4816,488.0
